id,PARTY,PARTYNM,AREA,PERSON,OUTSTANDINGAMT
--,-----,-------,----,------,--------------
1,17,"Z AMIT GENERAL STORE, RAM KRUSHAN",ROLL (V),EXTRA,29397
2,18,"AMIT GENERAL STORE ( VINU BHAI ), MOHAN BAG   (Unclear Cheque :      32000)",MOHAN BAG,VIPULBHAI,536184
3,19,"ASHAPURI TRADERS, UDHNA YARD",UDHNA YARD,NITINBHAI 2,77935
4,20,"AMBIKA TRADING (NILGIRI), UDHNA YARD NAHER",UDHNA YARD NAHER,NITINBHAI 2,203831
5,21,"ARADHANA TRADERS, NAVAGAM",NAVAGAM,NITINBHAI 2,92975
6,22,"ARIHANT TRADERS ( DIPAK BHAI ), KATAR GAM   (Unclear Cheque :     266800)",KATAR GAM 2,NITINBHAI 1,247536
7,23,"AMAR SONS (SONY FALIYA), BHAGAL",BHAGAL,NITINBHAI 1,0
8,24,"ARIHANT TRADERS ( NARU BHAI ), KAMREJ   (Unclear Cheque :     240355)",KAMREJ,VIPULBHAI,75905
9,25,"ARIHANT TRADERS ( SURENDRA BHAI ), KAMREJ",KAMREJ,VIPULBHAI,0
10,26,"ASHA TRADERS, CHALTHAN",CHALTHAN,VIPULBHAI,15500
11,27,"ANAND TRADERS, KADODARA",KADODARA,VIPULBHAI,507700
12,28,"Z ANJALI SALES, VARSHA 2",ROLL (V),EXTRA,64218
13,29,"AMBIKA TRADING (SUMUL DAIRY ROAD), SUMUL DAIRY",KATAR GAM 1,NITINBHAI 1,90248
14,30,"Z ASHAPURA KARIYANA STORE, SAHAJANAND",ROLL (V),EXTRA,46255
15,31,"Z AMARDEEP PROVISION STORE, BHAGIRATHA",ROLL (V),EXTRA,9932
16,32,"AMBIKA KARIYANA STORE, BHOLA NAGAR",BHOLA NAGAR,VIPULBHAI,0
17,33,"Z ARIHANT TOBECO, AMROLI",ROLL (D),EXTRA,17138
18,35,"Z AMBIKA COCONUT, MOHANBAG",ROLL (V),EXTRA,19297
19,36,"ARIHANT TRADING (RANJIT), PANDESARA   (Unclear Cheque :      47511)",PANDESARA,NITINBHAI 2,1191959
20,37,"ASHAPURA TRADERS (RAMI PARK), GODADRA   (Unclear Cheque :     123950)",NAVAGAM,NITINBHAI 2,25068
21,38,"AGRAWAL TRADERS (BHARAT NAGAR), CHALTHAN",CHALTHAN,VIPULBHAI,154805
22,39,"AMBIKA KARIYANA, CHALTHAN",CHALTHAN,VIPULBHAI,245206
23,40,"ASHIRVAD SUPER STORE, KADODARA",KADODARA,VIPULBHAI,126125
24,41,"AGRAWAL TRADERS (VED ROAD), KATARGAM",KATAR GAM 1,NITINBHAI 1,22640
25,42,"AMAR TRADERS (DABGARVAD), BHAGAL",BHAGAL,NITINBHAI 1,0
26,43,"Z ARIHANT TRADERS (BALAJI), KADODRA",ROLL (D),EXTRA,9632
27,44,"Z AGRAWAL TRADERS SUGAR FACTORY, CHALTHAN",ROLL (D),EXTRA,3550
28,46,"AL KADIR GENERAL, ADAJAN PATIYA",PALANPUR PATIYA,NITINBHAI 1,45255
29,47,"AGRAWAL CORPORATION (VISHNUBHAI), (H.AGRAWAL BHAGVATI LAL) CHALTHAN",CHALTHAN,VIPULBHAI,0
30,48,"AMAJ KIRANA, SITARAM SOC",SITA RAM NAGAR,VIPULBHAI,6530
31,49,"ARIHANT TRADERS (PRAKASH BHAI), UDHANA YARD",UDHNA YARD,NITINBHAI 2,1462396
32,50,"AKSHAYPATRA FOUNDATION (I MATA ROAD), B/H DR WORLD",PARBAT PATIYA,KANBHAI,1079595
33,53,"AKASH TRADERS (MAHAPRABHU NAGAR), GODADARA",GODADARA 2,NITINBHAI 2,383958
34,54,"APMC SURAT (SAHARA DARWAJA), RING ROAD",PARBAT PATIYA,NITINBHAI 2,98485
35,56,"ARIHANT TRADERS, BHATAR ROAD",BHATAR ROAD,NITINBHAI 1,313900
36,57,"ASHA TRADERS, KHODIYAR NAGAR",KHODIYAR NAGAR,VIPULBHAI,58950
37,58,"AGRAWAL TRADERS (ASHA NI BAJUMA), CHALTHAN",CHALTHAN,VIPULBHAI,0
38,59,"ANAMOL FOOD, PIPODARA KAMREJ",KIM,KANBHAI,850600
39,60,"AMBIKA GENERAL (HOUSING), SACHIN",SACHIN,VIPULBHAI,0
40,61,"ARAVIND TRADERS, VALIYA CHOKDI",ANKLESHWAR,JAYKISHAN,-68516
41,62,"ASHIRVAD SUPER, GODADRA NAHER",GODADARA 1,NITINBHAI 2,345727
42,63,"ASHAPURA TRADERS, GODADRA",GODADARA 2,NITINBHAI 2,129244
43,65,"ARBUDA SUPER STORE (BEGAMPURA), ZAPA BAZAR",DILHI GATE,NITINBHAI 1,23510
44,66,"ASHISH TRADERS, GODADRA",GODADARA 2,NITINBHAI 2,12420
45,68,"AKSHAR DHOKLA, MOTA VARACHHA",MOTAVARACHCHA,VIPULBHAI,188120
46,69,"AMBIKA KIRANA (SINGAN POR), KATARGAM",KATAR GAM 1,NITINBHAI 1,63043
47,71,"APPU PROVISION, BHOLA NAGAR",BHOLA NAGAR,VIPULBHAI,68385
48,72,"ATUL KIRANA (LALJI BHAI), KATARGAM",KATAR GAM 2,NITINBHAI 1,0
49,73,"ASHOK TRADING, ANKLESHWAR",ANKLESHWAR,JAYKISHAN,73500
50,74,"A-1 WEFFERS, NANA VARACHHA   (Unclear Cheque :      59625)",NANA VARACHHA,VIPULBHAI,0
51,76,"APMC SURAT (DEBIT), RING  ROAD",PARBAT PATIYA,NITINBHAI 2,44550
52,78,"AKASH PROVISION SOMNATH (JIGNESHBHAI), MAHUVA",SAVAR KUNDALA,DHIRENBHAI,126620
53,79,"AJAY TRADERS, ANKLESHWAR",ANKLESHWAR,JAYKISHAN,0
54,80,"AMBIKA KIRANA (AMBIKA NAGAR), KATARGAM",KATAR GAM 1,NITINBHAI 1,9611
55,83,"BHARAT TRADERS, KATAR GAM",KATAR GAM 2,NITINBHAI 1,148991
56,85,"BHAYANI GENERAL STORE (ASHOK BHAI), SANTOSHI NAGAR",SANTOSHI NAGAR D,VIPULBHAI,463719
57,87,"Z BHAVANI KARIYANA STORE, NANA VARACHHA",ROLL (D),EXTRA,17000
58,88,"BHERUNATH KARIYANA (S.B.SONS) KHARVASA, KRUSHNAKUNJ, GODADARA   (Unclear Cheque :     319230)",NAVAGAM,NITINBHAI 2,78593
59,89,"Z BHAVANI KARIYANA STORE, PUNA GAM",ROLL (D),EXTRA,9720
60,91,"BHIKSHU TOBACO, PARBAT PATIYA   (Unclear Cheque :     132670)",PARBAT PATIYA,NITINBHAI 2,5800
61,92,"BHERUJI SUPER MARKET (HARIHARI SOC), KATAR GAM",KATAR GAM 1,NITINBHAI 1,55485
62,93,"BHAVANI GENERAL (BAMROLI) SHIVAJI, PANDESARA",PANDESARA,NITINBHAI 2,45190
63,94,"BHERUNATH TRADERS (DHARTI NAGAR), A.K.ROAD",A.K.ROAD V,VIPULBHAI,66683
64,95,"BHANU PROVISION, H. GANESH KAMREJ KAMREJ",KAMREJ,VIPULBHAI,44575
65,96,"BHAGAVATI PROVISION (DABHOLI), KATAR GAM",KATAR GAM 1,NITINBHAI 1,206708
66,97,"BABUL GENERAL (SARATHANA JAKATNAKA), NANA VARACHHA",NANA VARACHHA,VIPULBHAI,263920
67,98,"BABA KHETESHWAR TRADERS, GODADRA",GODADARA 2,NITINBHAI 2,2506281
68,99,"BHAARAT TRADERS, UDHANA MAIN ROAD",UDHNA MAIN ROAD,NITINBHAI 2,383399
69,100,"BHAGAVATI SUPER STORES (HOUSING), SACHIN",SACHIN,VIPULBHAI,135250
70,101,"Z BARDOLI SEVA SAHAKARI MANDLI, BARDOLI",ROLL (D),EXTRA,3990
71,102,"BHARAT TRADERS (PUNA-KUMBHARIYA), PUNA GAM",PUNA GAM (D),VIPULBHAI,0
72,103,"BHAVAR BHAI, BARDOLI",BARDOLI,DHIRENBHAI,6500
73,104,"Z BRAHAMANI KIRANA, VADI",ROLL (V),EXTRA,3213
74,106,"BHAVANI KIRANA, H- AMBIKA NILGIRI UDHNA YARD NILGIRI",UDHNA YARD NAHER,NITINBHAI 2,106680
75,107,"BHAYANI TRADERS (CHIKUVADI), NANA VARACHHA",NANA VARACHHA,VIPULBHAI,141025
76,108,"BHERUJI KIRANA & GENERAL STORE, AMROLI",AMROLI,VIPULBHAI,16625
77,109,"Z BALAJI PROVISON STORE, KIM",ROLL (D),EXTRA,42911
78,110,"BHAGAVATI TRADING (KISHAN LAL), SACHIN   (Unclear Cheque :     143355)",SACHIN,VIPULBHAI,145556
79,111,"Z BHIKHU MAMA, NAVSARI",ROLL (D),EXTRA,6898
80,112,"BHERUNATH KIRANA (MUKESH BHAI), MITHI KHADI",MITHI KHADI,NITINBHAI 2,291101
81,113,"BAJARANG KIRANA, PIPODARA",KIM,DHIRENBHAI,-4208
82,114,"BANKERANI SUPER (SARAT GRAIN), UDHANA GAM   (Unclear Cheque :      42150)",UDHNA MAIN ROAD,NITINBHAI 2,126540
83,115,"B.K TRADERS, PALANPUR PATIYA   (Unclear Cheque :     109200)",PALANPUR PATIYA,NITINBHAI 1,555405
84,116,"BHOLA SALES, BHAGAL",ROLL (N),EXTRA,11810
85,117,"BHERUNATH KIRANA (SIMADA ROAD), NANA VARACHA",NANA VARACHHA,VIPULBHAI,11470
86,118,"BHERUNATH ENTERPRISE (CHAPLOD), KADODARA",KADODARA,VIPULBHAI,262064
87,120,"BHAGAVATI TRADERS (TULSI UDHANA), BHATHENA   (Unclear Cheque :    1134149)",,PRATIK BHAI,277099
88,121,"BAPA SITARAM FARSAN, MAHAPRABHU NAGAR",MAHAPRABHU NAGAR,NITINBHAI 2,0
89,122,"BHERUNATH KIRANA (BHAVARLAL), MITHIKHADI",MITHI KHADI,NITINBHAI 2,242903
90,124,"BABA RAMDEV TRADERS, BHAGAL",BHAGAL,NITINBHAI 1,203450
91,125,"BHAGWAN TRADERS (DIAMOND NAGAR), KAMREJ",KAMREJ,VIPULBHAI,241778
92,126,"BABULAL KASHIRAM (SOPARI GALI), CHOWK BAZAR",BHAGAL,NITINBHAI 1,0
93,129,"BALAJI PROVISION, KIM",KIM,DHIRENBHAI,10125
94,131,"BHAGIRATH TRADERS, KATAR GAM",KATAR GAM 1,NITINBHAI 1,84930
95,132,"Z CHHANA BABA VAGHARI, BOMBAY MARKET",ROLL (V),EXTRA,15691
96,133,"Z CHAUDHARI TRADERS, PARVAT PATIYA",ROLL (N),EXTRA,51789
97,134,"CHAUDHARI TRADERS (VED ROAD), KATAR GAM",KATAR GAM 1,NITINBHAI 1,30800
98,135,"CHUNILAL BHANVARLAL (ANKUR SALES), KIM",KIM,DHIRENBHAI,307174
99,136,"CHHAYA FARASAN, KADODARA",KADODARA,VIPULBHAI,0
100,137,"Z CLASIC HOTEL PUNA JAKAT NAKA, PUNA GAM",ROLL (V),EXTRA,785
101,138,"CHAUDHARI KARIYANA (J.J.NAGAR), PUNA GAM",PUNA GAM,VIPULBHAI,986843
102,140,"CHAMUNDA TOBECO, AMROLI",AMROLI,VIPULBHAI,85485
103,142,"CHAMPAKLAL HARILAL, CHOWK BAZAR",BHAGAL,NITINBHAI 1,48742
104,143,"CHARBHOOJA TRADING CO, DARPAN CINEMA   (Unclear Cheque :      22950)",DARPAN CINEMA,VIPULBHAI,0
105,144,"DELUX TRADERS, UDHNA MAIN ROAD",UDHNA MAIN ROAD,NITINBHAI 2,1019050
106,145,"DHARMARAJ GENERAL STORE (AMBIKA NAGAR), NAVAGAM",NAVAGAM,NITINBHAI 2,164940
107,146,"DAYARAM KARIYANA STORE (RAM NAGAR), PALANPUR PATIYA",PALANPUR PATIYA,NITINBHAI 1,114450
108,151,"DIPAK MASALA, BHATAR",BHATAR ROAD,NITINBHAI 1,151110
109,152,"DEEPDARSHAN TRADERS, AMROLI",AMROLI,VIPULBHAI,335855
110,153,"Z DINESH KUMAR KANTILAL, NANPURA",ROLL (N),EXTRA,29940
111,154,"DHANVARSHA SUPER, NAVAGAM",NAVAGAM,NITINBHAI 2,0
112,155,"DIPAK DRY FRUIT & MASALA, BARDOLI",BARDOLI,DHIRENBHAI,82570
113,157,"DINESH KUMAR LAXMICHAND JAIN, KIM   (Unclear Cheque :     554380)",KIM,DHIRENBHAI,692530
114,158,"DATA KHETESHWAR TRADERS, GODADRA",GODADARA 1,NITINBHAI 2,193254
115,159,"DHANLAXMI TRADING (SURESH BHAI), PANDESARA   (Unclear Cheque :      26590)",PANDESARA,NITINBHAI 2,0
116,160,"DEV NARAYAN TRADERS (LALA BHAI), GANESH NAGAR, UDHNA YARD   (Unclear Cheque :      27750)",UDHNA YARD NAHER,NITINBHAI 2,460160
117,161,"DEVNARAYAN TOBECO, UIN PATIYA",UIN PATIYA,VIPULBHAI,-21720
118,162,"DEVI PRAKASH KIRANA, GODADARA",GODADARA 1,NITINBHAI 2,0
119,163,"DEEP ENTERPRISE, BILIMORA",BARDOLI,DHIRENBHAI,0
120,164,"DEV NARAYAN KIRANA, VARELI",VARELI,VIPULBHAI,72825
121,166,"DEVIKRUPA MASALA DABHOLI, KATAR GAM",ROLL (N),EXTRA,52256
122,167,"DEV SUPER STORE, VARELI",VARELI,VIPULBHAI,56662
123,169,"DEV NARAYAN SUPER STORE, PALSANA",PALSANA,VIPULBHAI,64200
124,172,"DEV NARAYAN SUPER (SHREE RAM CHOKDI), AMROLI",AMROLI,VIPULBHAI,41320
125,173,"EVER GREEN GENERAL STORE (AKSHAR TOWN), PARBAT PATIYA",PARBAT PATIYA,NITINBHAI 2,0
126,175,"FIRDOSH TRADERS, MITHI KHADI",MITHI KHADI,NITINBHAI 2,303390
127,176,"GANESH TRADERS, KAMREJ",KAMREJ,VIPULBHAI,1258355
128,177,"GANESH KARIYANA STORE, KIM   (Unclear Cheque :     375965)",KIM,DHIRENBHAI,302609
129,178,"GURUKRUPA KARIYANA STORE, NAVASARI",NAVASARI,DHIRENBHAI,7060
130,179,"GANESH KARIYANA STORE ( MADANLAL ), KAPODRA",KAPODRA CHAR RASTA D,VIPULBHAI,68429
131,180,"GANESH TRADERS (TADKESHWAR), KIM",KIM,DHIRENBHAI,102973
132,181,"GEETA NAMKEEN, MAHAPRABHU NAGAR",MAHAPRABHU NAGAR,NITINBHAI 2,36670
133,182,"GAYATRI FARSAN, KAMREJ",KAMREJ,VIPULBHAI,0
134,183,"GAUTAM GENERAL STORE (NETAJI SHOPPING), SACHIN",SACHIN,VIPULBHAI,25911
135,184,"GOVIND TOBECO (OPP. KINNARI), BHATHENA",BHATHENA,NITINBHAI 1,27980
136,185,"Z X GEL AMBE TRADERS RANGAVDHUT, SURAT",ROLL (V),EXTRA,14213
137,186,"Z GANESH KARIYANA STORE, BHAGIRATH  1",ROLL (V),EXTRA,7905
138,187,"GOKUL MASALA, H. GONDAL MASALA JANAKBHAI KADODARA",KADODARA,VIPULBHAI,71525
139,188,"Z GANAPATI SUPER STORES, MITHI KHADI",ROLL (N),EXTRA,30495
140,189,"GOPAL TRADERS, GODADRA   (Unclear Cheque :     293561)",GODADARA 2,NITINBHAI 2,1342564
141,190,"GAYATRI MASALA (CHETAN BHAI), BARODA PRISTAGE   (Unclear Cheque :      29063)",BARODA PRISTAGE,VIPULBHAI,409927
142,191,"GOKUL DAIRY, BHESTAN",BHESTAN,VIPULBHAI,231120
143,192,"GANESH TRADING (DHIRAJBHAI), AMROLI (A.K.ROAD)   (Unclear Cheque :     131196)",AMROLI,VIPULBHAI,134275
144,193,"GAUTAM AGENCY (DINESH BHAI), AMROLI",AMROLI,VIPULBHAI,714701
145,195,"Z GANESH TRADERS, VAPI",ROLL (D),EXTRA,5251
146,196,"GANESH TRADERS, NANDURBAR",ROLL (N),EXTRA,10197
147,197,"GANESH TRADERS (RANI TALAV), BHAGAL   (Unclear Cheque :     259350)",BHAGAL,NITINBHAI 1,862438
148,198,"GANESH TRADING, NAVAGAM   (Unclear Cheque :      60000)",NAVAGAM,NITINBHAI 2,522233
149,199,"GURUKRUPA TRADING, SIMADA(VALMNAGR)",NANA VARACHHA,VIPULBHAI,0
150,200,"GAJANAND KIRANA, KATARGAM",KATAR GAM 1,NITINBHAI 1,169645
151,201,"GHANSHYAM KIRANA, SAVAR KUNDALA",SAVAR KUNDALA,DHIRENBHAI,0
152,202,"GOKUL TRADRES, RAJPIPLA CHOKDI",ANKLESHWAR,JAYKISHAN,64290
153,203,"GAUTAM AGENCY DEBIT (DINESH BHAI), AMROLI   (Unclear Cheque :     340065)",AMROLI,VIPULBHAI,706140
154,204,"GAYATRI KHAMAN, VARACHHA",VARACHHA ROAD,KANBHAI,0
155,205,"GANESH TRADERS, BARODA PRISTAGE",BARODA PRISTAGE,VIPULBHAI,25930
156,206,"GANESH TRADERS (THAKORDWAR SOC), SIMADA",NANA VARACHHA,VIPULBHAI,275790
157,207,"GURUKRUPA TRADERS, BHESTAN",BHESTAN,VIPULBHAI,639177
158,209,"HASMUKH TRADING CO, PANDESARA",ROLL (N),EXTRA,12000
159,210,"HARIHAR FARASAN, VARACHHA ROAD",VARACHHA ROAD,VIPULBHAI,16200
160,211,"HARIGOVIND KARIYANA STORE, VIVEKANAND SOC",VIVEKANAND SOCIETY,VIPULBHAI,74157
161,212,"HARDIK PROVISION STORE (PATEL NAGAR), A.K.ROAD",A.K.ROAD V,VIPULBHAI,18000
162,213,"HAVEMORE PAKODA HOUSE, BARODA PRISTAGE",BARODA PRISTAGE,VIPULBHAI,29980
163,214,"Z HARIOM TRADERS SHANTI NAGAR, UDHNA",ROLL (N),EXTRA,-102535
164,215,"HANUMAN PROVISION, BARDOLI",BARDOLI,DHIRENBHAI,0
165,216,"HANUMAN TRADERS, RAMNAGAR   (Unclear Cheque :     468801)",PALANPUR PATIYA,NITINBHAI 1,825280
166,217,"HAREKRUSHNA TRADERS, SARDAR MARKET",PARBAT PATIYA,NITINBHAI 2,0
167,219,"Z HITESH TRADING, VAAPI",ROLL (D),EXTRA,54460
168,220,"HIRALAL SAMOSAVALA (NAVI PARDI), KIM",KIM,DHIRENBHAI,44605
169,221,"HONEY SUPER STORE, KADODRA   (Unclear Cheque :      56820)",KADODARA,VIPULBHAI,206528
170,222,"HARIOM KIRANA (MODEL TOWN) (DHONI), PARBAT PATIYA",PARBAT PATIYA,NITINBHAI 2,48630
171,224,"H.S AGRO INDUSTRIES, KAMREJ",KAMREJ,VIPULBHAI,0
172,226,"I MATA PROVISION STORE (DHRUVTARAK), KATAR GAM",KATAR GAM 1,NITINBHAI 1,51495
173,227,"I MATA GENERAL, H. KRISHNA ROOPJI BHAGIRATH BHAGIRATH 2",BHAGIRATH 2,VIPULBHAI,167166
174,229,"JAGDAMBA PROVISION STORE (VELJIBHAI), KHODIYAR NAGAR",KHODIYAR NAGAR,VIPULBHAI,67335
175,230,"JAIN TRADERS, UDHNA MAIN ROAD   (Unclear Cheque :     250000)",UDHNA MAIN ROAD,NITINBHAI 2,894459
176,231,"JALARAM GENERAL STORE (SANJAY BHAI), KATAR GAM",KATAR GAM 2,NITINBHAI 1,506231
177,232,"J.K.C KARIYANA STORE ( DEVA BHAI ), RAM RAJYA SOC",RAM RAJYA SOCIETY,VIPULBHAI,5350
178,234,"JALARAM KHAMAN ( BHARAT KUMAR ), KAMAL PARK",KAMAL PARK,VIPULBHAI,43115
179,235,"JALARAM TRADERS (PAPPU BHAI), ADAJAN PATIYA",,SHOP,200000
180,236,"JAIN TOBECO, BHAGAL",BHAGAL,NITINBHAI 1,16775
181,237,"JALARAM MASALA (JITU BHAI), JAHANGEERPURA",,SHOP,-74686
182,240,"JAY YOGESHWAR TRADING, UDHNA MAIN ROAD   (Unclear Cheque :      60000)",UDHNA MAIN ROAD,NITINBHAI 2,438345
183,241,"JAGNATH KIRANA (OM PRAKASH), AASPAS",GODADARA 2,NITINBHAI 2,160064
184,242,"JAIN TRADERS, BARDOLI",BARDOLI,DHIRENBHAI,52910
185,243,"KARMCHARI DHIRAN SAHKARI MANDLI, KAMREJ",KAMREJ,VIPULBHAI,45280
186,244,"JAY TRADERS (RANI TALAV), BHAGAL",BHAGAL,NITINBHAI 1,1029130
187,245,"JAY BHAVANI KARIYANA (PALI GAM), SACHIN",SACHIN,VIPULBHAI,140870
188,246,"JAY AMBE TRADING, UDHNA YARD",UDHNA YARD,NITINBHAI 2,263156
189,247,"JAGNATH KIRANA (SAVLARAM), NILGIRI",GODADARA 2,NITINBHAI 2,105024
190,248,"JAIN TRADERS (SUNIL BHAI), BHATAR ROAD",BHATAR ROAD,NITINBHAI 1,33365
191,249,"JALARAM MASALA (JIGNESH BHAI), SAROLI   (Unclear Cheque :     128360)",KADODARA,VIPULBHAI,100674
192,250,"JAGDAMBA TRADERS, VARELI",VARELI,VIPULBHAI,106040
193,251,"JALARAM FARSAN, MAHAPRABHU NAGAR",MAHAPRABHU NAGAR,NITINBHAI 2,21060
194,252,"JAY AMBE (CHHOLE), MAHADEV NAGAR",MAHADEV NAGAR,VIPULBHAI,86570
195,253,"JAGDAMBA SUPER STORE, PUNA GAM   (Unclear Cheque :      25377)",PUNA GAM (D),VIPULBHAI,99317
196,254,"JENISH IN CORPPRATION, KIM",KIM,DHIRENBHAI,168960
197,255,"Z J.K TRADERS, VAPI",ROLL (D),EXTRA,29200
198,256,"Z JAIN TRADERS, VAAPI",ROLL (D),EXTRA,2000
199,257,"JAY AMBE DRY FRUITS, SARA COMPLEX",BHATHENA,NITINBHAI 1,1757185
200,258,"JAGDAMBA TRADERS, KIM",KIM,DHIRENBHAI,65651
201,259,"JULELAL TRADERS, BHARUCH",,EXTRA,18300
202,260,"JAY TRADERS (DANGIGEV SOC.), PUNAGAM",PUNA GAM (D),VIPULBHAI,24130
203,261,"JALARAM MASALA (KANBHAI) UDHYOGNAGAR, NAVSARI",SACHIN,VIPULBHAI,200666
204,262,"JILANI TRADERS, MITHI KHADI",MITHI KHADI,NITINBHAI 2,36745
205,263,"JALARAM SOPARI (VIRAL BHAI), SUDAMA CHOWK",,SHOP,158750
206,264,"JESVAL INDUSTRIES, KADODARA",BARDOLI,DHIRENBHAI,201600
207,265,"JAY HARSIDDHI SUPER STORE, MOTA VARACHHA",,SHOP,47467
208,266,"JALARAM TRADERS, ANKLESHWAR",ANKLESHWAR,JAYKISHAN,55555
209,268,"JAY TULSI TRADERS, BHATAR",BHATAR ROAD,NITINBHAI 1,1440
210,269,"JASUBEN KANTILAL, KATARGAM",KATAR GAM 1,NITINBHAI 1,12020
211,272,"JAY AMBE SUPER MARKET, A K ROAD",A.K.ROAD V,VIPULBHAI,9500
212,275,"JADAV POOJA SAMGRI, GODADARA",GODADARA 1,NITINBHAI 2,24510
213,277,"KARMCHARI DHIRAN SAHKARI MANDLI (DEBIT), KAMREJ",KAMREJ,VIPULBHAI,57770
214,278,"ASHAPURA KIRANA (KOYARAM JAGNATH), AASPAS",GODADARA 2,NITINBHAI 2,183500
215,279,"Z KHETESHVAR TRADING, PARBAT PATIYA",ROLL (N),EXTRA,304631
216,280,"KRISHNA GENERAL STORE (BAMROLI), PANDESARA",PANDESARA,NITINBHAI 2,212155
217,281,"KRISHNA GENERAL STORE, NAVAGAM",NAVAGAM,NITINBHAI 2,124870
218,282,"KRISHNA TRADING (CHUNILAL), KAMREJ",KAMREJ,VIPULBHAI,114148
219,283,"Z KAMAL TRADERS, KIM",ROLL (D),EXTRA,1230
220,284,"KISHAN TRADERS, PARBATPATIA",ROLL (N),EXTRA,4313
221,285,"K.K FOOD, PIPODARA",KIM,KANBHAI,1660000
222,286,"JALARAM MASALA (KAN BHAI), SACHIN",SACHIN,VIPULBHAI,126141
223,288,"KALIDAS GHELABHAI, NANPURA",NANPURA,NITINBHAI 1,41196
224,289,"KETAN BHAI MADHI, BARDOLI",BARDOLI,DHIRENBHAI,534333
225,290,"KAILASH KIRANA (UTRAN GAM), UTRAN   (Unclear Cheque :      12500)",AMROLI,VIPULBHAI,1600
226,291,"KANAIYA KIRANA, H. POOJA - PANDESARA PANDESARA",PANDESARA,NITINBHAI 2,375265
227,292,"KALPESH KUMAR SURAJMAL AGRWAL, CHALTHAN   (Unclear Cheque :      16360)",CHALTHAN,VIPULBHAI,41220
228,293,"KADRI GENERAL (KASAKI VAD), BHAGAL",BHAGAL,NITINBHAI 1,94700
229,295,"KHODIYAR FARSAN, MUKTIDHAM",PUNA GAM,VIPULBHAI,41250
230,296,"KIRTI TRADERS, VALSAD",VYARA,DHIRENBHAI,0
231,297,"KHUSHBU KIRANA, LASKANA",KAMREJ,VIPULBHAI,80144
232,298,"KANAIYA TRADERS, KIM",KIM,DHIRENBHAI,82570
233,299,"KRISHNA TOBECO (DARBAR HOTEL), KIM",KIM,DHIRENBHAI,10920
234,301,"KHODESHWAR TRADERS (VALARAM), H.MAHALAXMI MALARAM TATITHAIYA",BARDOLI,DHIRENBHAI,1097386
235,302,"KRISHNA SUPER, JOLWA PATIYA   (Unclear Cheque :      40145)",BARDOLI,DHIRENBHAI,121895
236,305,"KANAIYA TRADERS, VALIYA CHOKDI",ANKLESHWAR,JAYKISHAN,1156442
237,306,"KRISHNA PROVISION STORE, MORA BHAGAL",PALANPUR PATIYA,NITINBHAI 1,141979
238,307,"KRISHNA TRADERS, PIPODARA",KIM,DHIRENBHAI,85733
239,308,"KHETESHWAR TRADERS, PARBAT PATIYA",PARBAT PATIYA,NITINBHAI 2,65485
240,309,"KRISHNA TOBECO & GENERAL (NAVAPURA), KIM",KIM,DHIRENBHAI,0
241,310,"KANCHANLAL SAKALCHAND, ANKLESHWAR",ANKLESHWAR,JAYKISHAN,453295
242,311,"KISAN TRADERS, VALIYA CHOKDI",ANKLESHWAR,JAYKISHAN,1017558
243,312,"LAXMI TRADERS, RAM NAGAR",PALANPUR PATIYA,NITINBHAI 1,49450
244,313,"LAXMI TOBECO, SACHIN",SACHIN,VIPULBHAI,353173
245,314,"LALIT NAMKEEN, NANA VARACHHA",NANA VARACHHA,VIPULBHAI,121540
246,316,"LAXMI TRADERS (SHAKTI NAGAR BRC GATE), UDHNA MAIN ROAD",UDHNA MAIN ROAD,NITINBHAI 2,138445
247,317,"LAXMI TRADERS (SAMARTH PARK), H. SIRAVI MITHI KHADI PUNA GAM",PUNA GAM,VIPULBHAI,0
248,318,"LAXMI SUPER (TATITHAIYA), KADODRA   (Unclear Cheque :      79520)",BARDOLI,DHIRENBHAI,0
249,319,"Z LAXMI TRADERS JOLWA PATIYA MOHAN, KADODRA",ROLL (D),EXTRA,43290
250,320,"LAXMI TOBECO & GENERAL, VARELI   (Unclear Cheque :      61140)",VARELI,VIPULBHAI,157447
251,321,"LAXMI BECARI (ZAPA BAZAR), DILHI GATE",DILHI GATE,NITINBHAI 1,0
252,322,"LAXMI KIRANA (SURESH BHAI), BAMROLI",PANDESARA,NITINBHAI 2,187167
253,323,"Z LAXMI TRADING, VADODARA",ROLL (V),EXTRA,1350
254,324,"LAXMI NARAYAN TRADERS, UDHNA YARD",UDHNA YARD NAHER,NITINBHAI 2,143902
255,325,"LAXMI TRADERS, ANKLESHWAR",,EXTRA,4762
256,326,"LAXMI TRADING (DINDOLI), KARDAVA ROAD",NAVAGAM,NITINBHAI 2,437381
257,327,"LAXMI TRADERS, SARDAR MARKET",PARBAT PATIYA,NITINBHAI 2,68410
258,328,"Z MAYUR TRADERS, A.K.ROAD",ROLL (V),EXTRA,160489
259,329,"MATAJI KARIYANA STORE ( MADAN LAL ), BHAGIRATH 1",BHAGIRATH 1,VIPULBHAI,161625
260,330,"MAHESH TRADERS, SANTOSHI NAGAR",SANTOSHI NAGAR D,VIPULBHAI,210610
261,331,"Z MAMATA FARSAN RAJIV NAGAR, PARBAT PATIYA",ROLL (N),EXTRA,3068
262,332,"MAHALAXMI DEPARTMENT STORE, GODADRA   (Unclear Cheque :      29240)",GODADARA 2,NITINBHAI 2,415796
263,333,"MANGALAM TRADING, UDHNA MAIN ROAD",UDHNA MAIN ROAD,NITINBHAI 2,97235
264,334,"M.B TRADERS, NANPURA",NANPURA,NITINBHAI 1,300
265,335,"MARUTI AGENCY ( JITUBHAI ), KATARGAM",KATAR GAM 1,NITINBHAI 1,342771
266,336,"MANOJ TRADERS (ADAJAN PATIYA), PALANPUR PATIYA",PALANPUR PATIYA,NITINBHAI 1,255482
267,337,"MAHADEV TOBECO ( KAN BHAI ), NANA VARACHHA",NANA VARACHHA,VIPULBHAI,0
268,338,"MAHASHAKTI KARIYANA STORE, ANJALI SOC.",ANJALI SOCIETY,VIPULBHAI,270156
269,340,"MAHALAXMI SUPER STORE, TRIKAM NAGAR",TRIKAM NAGAR,VIPULBHAI,45690
270,341,"MARUTI TRADERS (PRAMODJI), KAMREJ   (Unclear Cheque :      45000)",KAMREJ,VIPULBHAI,90107
271,342,"MADANLAL ( GANESH ), KAPODRA",KAPODRA CHAR RASTA D,VIPULBHAI,358756
272,344,"MAHASHAKTI KARIYANA STORE, BHAGIRATH 2",BHAGIRATH 2,VIPULBHAI,10580
273,345,"MARUTI TRADING, PALSANA",PALSANA,VIPULBHAI,414427
274,346,"MAYUR TRADERS ( GOPALJI ), KAMREJ",KAMREJ,VIPULBHAI,401794
275,347,"MAHESHWARI KARIYANA STORE, TRIKAM NAGAR   (Unclear Cheque :      75000)",TRIKAM NAGAR,VIPULBHAI,789441
276,348,"Z MATAJI PROVISION STORE LABHESHWAR, VIVEKANAND",ROLL (V),EXTRA,2101
277,349,"MATAJI KARIYANA STORE, DASHARATH NAGAR",DASHARATH NAGAR,VIPULBHAI,16330
278,350,"MARUTI STORES, VARSHA 1",VARSHA 1,VIPULBHAI,587477
279,351,"MEHTA SUPER STORES, SACHIN   (Unclear Cheque :      70000)",SACHIN,VIPULBHAI,520784
280,352,"MATAJI KARIYANA (DHARMIK NAGAR), GODADRA   (Unclear Cheque :     172800)",GODADARA 1,NITINBHAI 2,1067107
281,353,"MANGAL TRADERS (VED ROAD), KATAR GAM",KATAR GAM 1,NITINBHAI 1,7390
282,354,"MARYADA TRADERS, BARDOLI",BARDOLI,DHIRENBHAI,87250
283,355,"MILAN FARSAN, MAHAPRABHU NAGAR",MAHAPRABHU NAGAR,NITINBHAI 2,71400
284,356,"MARUTI KARIYANA (SHANKAR BHAI), UDHNA YARD",UDHNA YARD,NITINBHAI 2,541990
285,357,"Z MARUTI TRADING, AMROLI",ROLL (D),EXTRA,500
286,358,"Z MANISH JIVRAJ TEA {NAVDURGA}, MATAVADI",ROLL (V),EXTRA,275580
287,359,"MARUTI TRADING (SHYAMDHAM), NANA VARACHHA",NANA VARACHHA,VIPULBHAI,497544
288,360,"MANGILAL KAJODIMAL, KIM",KIM,DHIRENBHAI,136775
289,361,"MANGAL TRADERS, MOB . 98791 78171 AMROLI",AMROLI,VIPULBHAI,35540
290,362,"MATAJI TOBECO (AASPAS), GODADRA",GODADARA 2,NITINBHAI 2,244746
291,363,"MAHADEV TRADERS (PAGATHIYA SHERI), BHAGAL",BHAGAL,NITINBHAI 1,0
292,365,"MA KRUPA PROVISION STORE, BHAGAL   (Unclear Cheque :    1688250)",BHAGAL,NITINBHAI 1,1727730
293,368,"MAHESH SUPER, A.K.ROAD",A.K.ROAD V,VIPULBHAI,8160
294,369,"MAYA FARSAN, BARDOLI",BARDOLI,DHIRENBHAI,0
295,370,"MAHAVEER KIRANA (T.V.S SHOW ROOM), KAMREJ   (Unclear Cheque :      31825)",KAMREJ,VIPULBHAI,291801
296,371,"Z MAHAVEER TRADING (PINTU BHAI), PANDESARA",ROLL (N),EXTRA,13130
297,372,"MADHAV TRADERS, NANA VARACHHA",NANA VARACHHA,VIPULBHAI,29480
298,373,"MAYUR FARSAN, AMROLI",AMROLI,VIPULBHAI,57000
299,374,"MAHADEV TRADERS, GODADRA",GODADARA 2,NITINBHAI 2,85785
300,375,"MAHALAXMI TRADERS (SHAK MARKET), BARDOLI",BARDOLI,DHIRENBHAI,19500
301,376,"MAHAVEER MASALA, MOHAN BAG",MOHAN BAG,VIPULBHAI,86797
302,377,"MAHAVEER TRADERS (LIMBAR), BARDOLI",BARDOLI,DHIRENBHAI,44704
303,378,"MANGAL TRADERS (NANA LAL), PANDESARA",PANDESARA,NITINBHAI 2,371142
304,379,"MAHALAXMI TRADERS (MALARAM), NILGIRI",GODADARA 2,NITINBHAI 2,1314260
305,380,"MARUTI TRADERS, SARDAR MARKET",PARBAT PATIYA,NITINBHAI 2,82985
306,382,"MAHADEV TRADERS, KIM",KIM,DHIRENBHAI,843
307,384,"MODHESHWARI KARIYANA, DARPAN CINEMA",DARPAN CINEMA,VIPULBHAI,0
308,385,"MAHESHWAR TRADERS, NANA VARACHHA",NANA VARACHHA,VIPULBHAI,0
309,386,"MAHALAXMI TRADERS (VIJYANAGAR), UDHNA MAIN ROAD",UDHNA MAIN ROAD,NITINBHAI 2,176430
310,388,"MANSUKH BHAI (PARMESHWAR), H-PARMESHVAR NAMKIN BARDOLI",BARDOLI,DHIRENBHAI,65725
311,389,"MADANLAL MOHANLAL, CHALTHAN",CHALTHAN,VIPULBHAI,43685
312,390,"MANOHAR TRADING (GANESH), KAPODRA",KAPODRA CHAR RASTA D,VIPULBHAI,42400
313,391,"MATESHWARI (BAJARANG) TRADING, KIM",KIM,DHIRENBHAI,10000
314,393,"MUNNA NAMKIN, CHIKUVADI",NANA VARACHHA,VIPULBHAI,47160
315,394,"MAHALAXMI TRADERS, KAMREJ",KAMREJ,VIPULBHAI,176861
316,395,"MATESHWARI NAMKEEN, KIM",KIM,DHIRENBHAI,128238
317,396,"MUKESH BHAI LADU VALA, BARDOLI",BARDOLI,DHIRENBHAI,18400
318,397,"MAMADEV TRADERS (DINDOLI), NAVAGAM   (Unclear Cheque :      60000)",NAVAGAM,NITINBHAI 2,461169
319,398,"M.V TRADERS, PALANPUR PATIYA   (Unclear Cheque :     102000)",PALANPUR PATIYA,NITINBHAI 1,442899
320,399,"MARUTI TRADING, ANJALI SOC",ANJALI SOCIETY,VIPULBHAI,0
321,401,"MAHASAGAR FOOD, KIM",KIM,KANBHAI,0
322,402,"MAHALAXMI SUPER, KIM",KIM,DHIRENBHAI,44275
323,403,"MAMATA TRADERS (AAZAD NAGAR), BHATAR ROAD",BHATAR ROAD,NITINBHAI 1,77045
324,404,"MARUTI PULSE MILL, KIM",KIM,KANBHAI,133970
325,405,"MAHESH TRADERS, UDHNA YARD",UDHNA YARD,NITINBHAI 2,643354
326,408,"MURALIDHAR FARSAN (MAHESHBHAI), SITARAM NAGAR",VIVEKANAND SOCIETY,VIPULBHAI,58200
327,409,"MAHAPRAGY PROVISION, RANG AVADHUT",KUBER NAGAR,VIPULBHAI,9000
328,411,"MAHADEV AGENCY (PARMESHWAR), NANA VARACHHA",NANA VARACHHA,VIPULBHAI,21451
329,412,"MAHAVEER KIRANA, UDHNA YARD",UDHNA YARD,NITINBHAI 2,25800
330,413,"MADHUBHAI, RAMNAGAR",PALANPUR PATIYA,NITINBHAI 1,-15120
331,414,"MAHALAXMI KIRANA (ANJANI GIDC), AMROLI",SAYAN,VIPULBHAI,0
332,415,"MANOJ MAHARAJ, MUKTIDHAM SOC",PUNA GAM,VIPULBHAI,0
333,416,"MOMAI TRADERS, NANA VARACHHA",NANA VARACHHA,VIPULBHAI,953446
334,417,"MADHURAM MART, KIM",KIM,DHIRENBHAI,50685
335,418,"MONPARA NAMKIN, SANIYA",PUNA GAM,VIPULBHAI,381060
336,421,"MAHASHAKTI SUPER STORE (KOSAD ROAD), MANISHA SOCA",AMROLI,VIPULBHAI,129765
337,422,"MATESHWARI TRADERS (BOB), UDHANA YARD",UDHNA YARD,NITINBHAI 2,0
338,425,"MAHALAXMI TRADERS (KENAL ROAD), AKASH GODADARA KAMREJ",KAMREJ,VIPULBHAI,44263
339,426,"MATESHWARI SUPER, MARUTI NAGAR   (Unclear Cheque :     154251)",UDHNA YARD,NITINBHAI 2,349885
340,427,"MAHALAXMI TRADERS, SAYAN",SAYAN,VIPULBHAI,36555
341,428,"NEW JAGDAMBA KARIYANA STORE (GANESH), KHODIYAR NAGAR",KHODIYAR NAGAR,VIPULBHAI,238063
342,429,"NEW AMBESH TRADERS ( RAKESH BHAI ), UDHNA YARD",UDHNA YARD,NITINBHAI 2,440665
343,430,"NAVYUG TRADERS ( POPAT BHAI ), MOHAN BAG",MOHAN BAG,VIPULBHAI,296280
344,431,"NAKALANG KARIYANA STORE, BUT BHAVANI SOC",BUT-BHAVANI SOC,VIPULBHAI,42115
345,432,"NEW MAILI MATA PROVISION STORE, KATAR GAM",KATAR GAM 1,NITINBHAI 1,0
346,433,"NAKALANG KARIYANA STORE, TRIKAM NAGAR",TRIKAM NAGAR,VIPULBHAI,28482
347,434,"NARENDRA BHAI DARBAR, MOHAN NI CHAL",MOHAN NI CHAL,VIPULBHAI,137464
348,435,"NEW GAUTAM PROVISION STORE, AMROLI",AMROLI,VIPULBHAI,586872
349,436,"NAVDURGA TRADERS, AMROLI",AMROLI,VIPULBHAI,0
350,437,"NAVBHARAT TRADERS, MOHAN BAG",MOHAN BAG,VIPULBHAI,60770
351,439,"NAVIN TRADERS, GODADRA",GODADARA 1,NITINBHAI 2,53960
352,441,"NAVARANG KIRANA (HARI NAGAR), UDHNA MAIN ROAD",UDHNA MAIN ROAD,NITINBHAI 2,6510
353,442,"Z NAKODA TRADERS, (OLD), PANDESARA",ROLL (N),EXTRA,4813
354,443,"NARAYAN KARIYANA, VARELI",VARELI,VIPULBHAI,105190
355,444,"NARESH TRADERS (TATITHAIYA), KADODARA",BARDOLI,DHIRENBHAI,20540
356,445,"NAVDURGA TRADERS, DINDOLI",NAVAGAM,NITINBHAI 2,42005
357,446,"NEW RAMDEV PROVISION (SHIVLALALBHAI), PALIGAM ",SACHIN,VIPULBHAI,0
358,447,"NAVDEEP GENERAL, SAYAN",SAYAN,VIPULBHAI,31355
359,448,"NEW AMBIKA KIRANA (NILGIRI) (MANGALJI), UDHNA YARD NAHER",UDHNA YARD NAHER,NITINBHAI 2,87560
360,450,"NAAGESHREE TRADERS, NAVAGAM   (Unclear Cheque :      47160)",NAVAGAM,NITINBHAI 2,0
361,452,"NANAJI BHAI, VARSHA 1",VARSHA 1,VIPULBHAI,0
362,453,"NILAKANTH FOOD (HARESH BHAI), SACHIN",SACHIN,KANBHAI,576050
363,454,"NATVARBHAI CHUNILAL, BHARUCH",,EXTRA,1800
364,455,"NEW MAMATA TRADERS (AAZAD NAGAR), BHATAR ROAD",BHATAR ROAD,NITINBHAI 1,281143
365,456,"NATRAJ CORN PRODUCTS, KAMREJ",KAMREJ,KANBHAI,17600
366,457,"NATHABHAI (AMBIKA NAGAR), MOTA VARACHHA",MOTAVARACHCHA,VIPULBHAI,42935
367,458,"MATAJI KIRANA (D.K.NAGAR), GODADARA",GODADARA 1,NITINBHAI 2,646317
368,459,"N.P & CO (HOUSING BOARD), PALANPUR PATIYA   (Unclear Cheque :      31200)",PALANPUR PATIYA,NITINBHAI 1,491469
369,463,"NEW RAMDEV TRADERS (LILARAM), GODADARA",GODADARA 2,NITINBHAI 2,338845
370,468,"OM TRADERS, A.K.ROAD",A.K.ROAD V,VIPULBHAI,1068420
371,469,"OM TRADERS, UDHNA MAIN ROAD",UDHNA MAIN ROAD,KANBHAI,0
372,470,"OM GANESH KHAMAN (AVDHUTNAGAR), KATAR GAM",KATAR GAM 1,NITINBHAI 1,24150
373,471,"OM SUPER, PARBAT PATIYA",PARBAT PATIYA,NITINBHAI 2,28405
374,474,"PARAS GENERAL STORE (ADAJAN PATIYA), PALANPUR PATIYA",PALANPUR PATIYA,NITINBHAI 1,145549
375,475,"PASHVANATH TRADING, PALANPUR PATIYA",PALANPUR PATIYA,NITINBHAI 1,11810
376,476,"PRAKASH TRADERS, CHALTHAN",CHALTHAN,VIPULBHAI,47505
377,477,"Z PADMAVATI KARIYANA STORE PANCHARA, L.H ROAD",ROLL (V),EXTRA,86896
378,478,"PRABHAKAR NAMKEEN, SHREEJI NAGAR",SHREEJI NAGAR,VIPULBHAI,177425
379,479,"POONAM TOBECO, UIN PATIYA",UIN PATIYA,VIPULBHAI,119419
380,480,"Z PANKAJ TRADERS, CHLTHAN",ROLL (D),EXTRA,1309
381,481,"PRAKASH GENERAL STORE, KAMREJ",KAMREJ,VIPULBHAI,15385
382,482,"PRINCE GENERAL STORE, KADODARA",KADODARA,VIPULBHAI,43015
383,483,"PARMESHWARI NAMKEEN, BARDOLI",BARDOLI,DHIRENBHAI,33750
384,484,"PATEL SUPER STORE, VARSHA-1",VARSHA 1,VIPULBHAI,7101899
385,485,"PARMESHWAR KARIYANA (TRIVENI SOCI), KATAR GAM",KATAR GAM 1,NITINBHAI 1,0
386,486,"PARMESHWAR GENERAL STORE (CHOPATI), NANA VARACHHA",NANA VARACHHA,VIPULBHAI,470636
387,487,"PURABJI TRADERS, MITHI KHADI",MITHI KHADI,NITINBHAI 2,555959
388,488,"POOJA TRADING, PANDESARA   (Unclear Cheque :      58000)",PANDESARA,NITINBHAI 2,863609
389,489,"Z PUKHRAJ PRAKASHCHAND AMBAJI RO, PAAL GHAR",ROLL (D),EXTRA,9260
390,490,"JALARAM MASALA (PRADIPBHAI), DUMMAS",SACHIN,SHOP,178992
391,491,"PRABHUDAYA JIVDAYA (JOTHAN), PALANPUR PATIYA   (Unclear Cheque :     288820)",,SHOP,85020
392,492,"PANKAJ TRADERS (SHAK MARKET), BARDOLI",BARDOLI,DHIRENBHAI,0
393,494,"PARAS KIRANA STORE (TATITHAYA), BARDOLI",BARDOLI,DHIRENBHAI,10545
394,495,"PURABJI TRADERS, GODADRA",GODADARA 1,NITINBHAI 2,188543
395,496,"PATEL SUPER (MATRU SHAKTI), ANJALI SOCIETY",ANJALI SOCIETY,VIPULBHAI,94120
396,497,"POOJA TOBECO, KARGIL CHOWK",LAXMAN NAGAR,VIPULBHAI,303257
397,498,"PRIT TRADERS, MOHAN BHG",MOHAN BAG,VIPULBHAI,34066
398,499,"PARAS TRADERS, NANDANVAN SOC",NANDANVAN SOCIETY,VIPULBHAI,531594
399,501,"VIMAL PROVISION (PAVU BHAI), SAVAR KUNDALA",SAVAR KUNDALA,DHIRENBHAI,90122
400,502,"PATEL KIRANA, NANA VARACHHA",NANA VARACHHA,VIPULBHAI,0
401,503,"PATEL TOBECO (VED ROAD), KATARGAM",KATAR GAM 1,NITINBHAI 1,9540
402,505,"POOJA TRADING, JOLWA   (Unclear Cheque :      34830)",BARDOLI,DHIRENBHAI,66340
403,506,"PADMAVATI KIRANA (PANI NI TAKI PASE), PANDESARA",PANDESARA,NITINBHAI 2,9470
404,507,"PAVAN TRADERS (PRAKASHBHAI), JUNAGADH",JUNAGADH,VIPULBHAI,1244026
405,508,"POOJA SALES, VYARA",VYARA,DHIRENBHAI,54140
406,509,"PADMSHREE GENERAL, UDHANA YARD",UDHNA YARD,NITINBHAI 2,109290
407,510,"PAYAL NAMKEEN, MAHAPRABHU NAGAR",MAHAPRABHU NAGAR,NITINBHAI 2,30040
408,511,"PRINCE TRADERS (NANESH), BHESTAN",BHESTAN,VIPULBHAI,12600
409,512,"POONAM TRADERS, PARBAT GAM",GODADARA 2,NITINBHAI 2,13050
410,513,"PRAKASH GENERAL, UDHANA YARD   (Unclear Cheque :      35687)",UDHNA YARD,NITINBHAI 2,254107
411,515,"R.P TRADERS ( RAJANI ), MOHAN BAG",MOHAN BAG,VIPULBHAI,212933
412,516,"RAJASTHAN KARIYANA STORE, VADAVALA NAGAR   (Unclear Cheque :     150000)",VADAVALA NAGAR,VIPULBHAI,300450
413,517,"RAMDEV KARIYANA STORE, NAVAGAM",NAVAGAM,NITINBHAI 2,93570
414,518,"RAJ TRADERS, UDHNA MAIN ROAD",UDHNA MAIN ROAD,NITINBHAI 2,10500
415,519,"RAMDEVJI TRADING, HIRA BAG",HIRA BAG,VIPULBHAI,756
416,520,"RADHAKRUSHNA GENERAL STORE, KATAR GAM   (Unclear Cheque :      40900)",KATAR GAM 1,NITINBHAI 1,207819
417,521,"RAMESHWAR KARIYANA STORE (SHIV NAGAR), KATAR GAM",KATAR GAM 1,NITINBHAI 1,185830
418,522,"ROOPAM KARIYANA STORE, PALANPUR PATIYA",PALANPUR PATIYA,NITINBHAI 1,180056
419,523,"RAM MADHI (RANDER), JAHANGEERPURA",PALANPUR PATIYA,NITINBHAI 1,6040
420,524,"RAMESH GENERAL STORE, MAHADEV NAGAR",MAHADEV NAGAR,VIPULBHAI,111870
421,525,"RAMESHKUMAR BABULAL (PANKAJBHAI), KAPODRA",KAPODRA CHAR RASTA V,VIPULBHAI,79765
422,526,"RAJESHWAR SUPER STORE, PARBAT PATIYA",PARBAT PATIYA,NITINBHAI 2,19260
423,527,"RAJENDRA PROVISION STORE, VAISHALI CINEMA",VAISHALI CINEMA,VIPULBHAI,122355
424,528,"RAMDEV KARIYANA STORE, SACHIN",SACHIN,VIPULBHAI,206485
425,529,"RUSHABH TRADERS, KIM",KIM,DHIRENBHAI,390198
426,530,"RAMESH GENERAL (B.B), KHODIYAR NAGAR",KHODIYAR NAGAR,VIPULBHAI,26990
427,531,"RAVANI GENERAL STORE, BARODA PRIS",SANTOSHI NAGAR D,VIPULBHAI,-136719
428,532,"Z RADHESHYAM KARIYANA STORE, HIMMAT NAGAR",ROLL (V),EXTRA,9656
429,533,"RAJ TRADERS, KADODARA",KADODARA,VIPULBHAI,142090
430,534,"RAJESH KARIYANA STORE, PALSANA",PALSANA,VIPULBHAI,73550
431,535,"RAJ TRADERS, PUNA GAM",PUNA GAM (D),VIPULBHAI,463219
432,536,"RAJARAM TRADERS, GODADRA",GODADARA 2,NITINBHAI 2,179761
433,538,"RAJAVADI TRADERS, A.K.ROAD",A.K.ROAD V,VIPULBHAI,477136
434,539,"RAJARAM TRADERS (BHAIYANAGAR), PUNA GAM",PUNA GAM (D),VIPULBHAI,4740
435,540,"RUSHABH TRADING, BARDOLI",BARDOLI,DHIRENBHAI,36965
436,541,"Z RAJAN TRADERS SAGAR SOC.., VADAVALANAGAR",ROLL (V),EXTRA,196395
437,542,"RADHE GENERAL, MATAVADI   (Unclear Cheque :     350000)",MATAVADI,VIPULBHAI,2071919
438,543,"RAMDEV KARIYANA, SAHAJANAND SOC",SAHAJANAND SOCIETY,VIPULBHAI,0
439,544,"RAMDEV KIRANA, PANCHRATNA",L.H.ROAD,VIPULBHAI,430261
440,545,"RIDHDHESH OIL, BHAGAL",BHAGAL,NITINBHAI 1,22240
441,546,"RAJESHWAR TRADERS (NILGIRI), GODADRA   (Unclear Cheque :     200528)",GODADARA 2,NITINBHAI 2,1095889
442,547,"RAMDEV KARIYANA (CHAMUNDA NAGAR), PUNA GAM",PUNA GAM,VIPULBHAI,170730
443,550,"RAJESH KIRANA, KIM",KIM,DHIRENBHAI,0
444,551,"RAMDEV KIRANA, KIM   (Unclear Cheque :     193095)",KIM,DHIRENBHAI,229150
445,552,"RADAJI KIRANA, PIPODARA",KIM,DHIRENBHAI,0
446,553,"RAMESHCHAND NANDLAL (MODEL TWON), PARBAT PATIYA",PARBAT PATIYA,NITINBHAI 2,26700
447,554,"RADHE TRADERS (AMRELI), SAVAR KUNDALA",SAVAR KUNDALA,DHIRENBHAI,451795
448,555,"RAMDEV TRADERS (PURA RAM), GODADARA",GODADARA 2,NITINBHAI 2,626498
449,556,"RAMDEV SUPER STORE, VARELI",VARELI,VIPULBHAI,18370
450,557,"JAY RADHE GRUH UDHYOG (MAGANBHAI), SACHIN",SACHIN,KANBHAI,574500
451,558,"RAGHUKUL KIRANA, VADI",VASANT BHIKA NI VADI,VIPULBHAI,49240
452,559,"RAJAVADI (CHHOLE), MAHADEV NAGAR",MAHADEV NAGAR,VIPULBHAI,0
453,560,"RAMDEV KIRANA (HATHI MANDIR), KATAR GAM",KATAR GAM 1,NITINBHAI 1,87805
454,562,"RAJLAXMI GENERAL (NILGIRI), UDHNA YARD",UDHNA YARD NAHER,NITINBHAI 2,16710
455,564,"RAMOJI WAFERS NAMKIN PVL, KIM",KIM,KANBHAI,321439
456,566,"RADHE TRADING, UDHANA",UDHNA MAIN ROAD,NITINBHAI 2,148574
457,567,"RAVANI FOOD PRODUCTS, GAYPAGALA ROAD",SACHIN,KANBHAI,565000
458,568,"RAJARAM TRADERS (KALYAN NAGAR), PUNA GAM",PUNA GAM (D),VIPULBHAI,64020
459,569,"R.K DRYFRUIT, BHAGAL",BHAGAL,NITINBHAI 1,0
460,570,"RAMOJI WAFERS (DEBIT), KIM",KIM,KANBHAI,103300
461,571,"RAMDEV GRAIN STORE, HIRABAG",HIRA BAG,VIPULBHAI,0
462,574,"R.K TRADERS, ANKLESHWAR",ANKLESHWAR,JAYKISHAN,356160
463,575,"SANJAY STORES, SHIV NAGAR",SHIV NAGAR,VIPULBHAI,14690
464,576,"Z SONY SUPER STORES, CHAMUNDA NAGR",ROLL (V),EXTRA,63455
465,577,"SHREE KRUSHNA GENERAL ( RAJU BHAI ), BHOLA NAGAR",BHOLA NAGAR,VIPULBHAI,542072
466,578,"SIDHDHI TRADING (PRAKASH BHAI), UDHNA YARD   (Unclear Cheque :      22060)",UDHNA YARD,NITINBHAI 2,192684
467,579,"SHANTI TRADERS, UDHNA YARD NAHER",UDHNA YARD NAHER,NITINBHAI 2,3480
468,580,"SHREEJI TRADERS, NAVAGAM",NAVAGAM,NITINBHAI 2,45581
469,583,"SAURABH TRADERS, PALANPUR PATIYA",PALANPUR PATIYA,NITINBHAI 1,128160
470,584,"SHANTI SALES (RAKESHBHAI), KIM",KIM,DHIRENBHAI,26785
471,585,"SAGAR PROVISION STORE, VADI",VASANT BHIKA NI VADI,VIPULBHAI,0
472,586,"SHANTI TRADING, CHALTHAN",CHALTHAN,VIPULBHAI,305654
473,587,"SATYAM TRADERS, KADODARA",KADODARA,VIPULBHAI,520803
474,588,"Z SONY PROVISION STORE, VADI",ROLL (V),EXTRA,18432
475,589,"SHIVAM TRADERS, BHATAR ROAD",BHATAR ROAD,NITINBHAI 1,10248
476,590,"SHITAL JUICE & SNACKES (HARSHADBHAI), MINI BAZAR",MINI BAZAR,KANBHAI,0
477,591,"SUNIL TRADERS, BHATAR ROAD",BHATAR ROAD,NITINBHAI 1,808716
478,592,"SHAILESH KARIYANA STORE, NANPURA",NANPURA,NITINBHAI 1,7260
479,593,"SHREE RAM PROVISION STORE, DARPAN CINEMA",DARPAN CINEMA,VIPULBHAI,109050
480,594,"SUNDHA KARIYANA STORE, ADARSH NAGAR",ADARSH NAGAR,VIPULBHAI,21930
481,595,"SIMA TRADERS (SUDHA), BHESTAN",BHESTAN,VIPULBHAI,200434
482,596,"Z SHREEJI KARIYANA STORE, KAMAL PARK",ROLL (V),EXTRA,1958
483,597,"SAVARIYA KHAMAN, AMROLI",AMROLI,VIPULBHAI,33865
484,598,"SAMRAT TOBECO, GODADRA",GODADARA 2,NITINBHAI 2,356142
485,599,"DEV NARAYAN TRADERS (HAKMA BHAI), NILGIRI",UDHNA YARD NAHER,NITINBHAI 2,166844
486,600,"SAURASTRA TRADING, MOHAN BAG",MOHAN BAG,VIPULBHAI,81205
487,601,"SHANTILAL HIRALAL, KIM",KIM,DHIRENBHAI,28650
488,602,"SANGITA SUPER STORE (SHIV NAGAR), KATAR GAM",KATAR GAM 1,NITINBHAI 1,196265
489,604,"SHAMBHUKAKA DIPCHAND, KAMREJ",KAMREJ,VIPULBHAI,133645
490,605,"SAI KRUPA KARIYANA STORE, VADAVALA NAGAR",VADAVALA NAGAR,VIPULBHAI,0
491,606,"SIDHDHARTH TRADERS, PARBAT PATIYA   (Unclear Cheque :      50000)",PARBAT PATIYA,NITINBHAI 2,662586
492,607,"SUPER TRADERS, MITHI KHADI",MITHI KHADI,NITINBHAI 2,680392
493,608,"Z SHAH TRADING, KIM",ROLL (D),EXTRA,7025
494,609,"SANKET DRY FRUITS (RANI TALAV), BHAGAL",BHAGAL,NITINBHAI 1,183593
495,610,"ASHOK TRADERS DEBIT (SATYAM), KADODARA",KADODARA,VIPULBHAI,141345
496,611,"SHANTI KIRANA (BAMROLI), H. LAXMI - PANDESARA ",PANDESARA,NITINBHAI 2,62540
497,612,"SHREEJI FOOD PRODUTS, NAVASARI",NAVASARI,DHIRENBHAI,34307
498,613,"SATADHAR TRADERS, BUT BHAVANI SOC",VIVEKANAND SOCIETY,VIPULBHAI,288944
499,615,"AKASH TRADERS (VED ROAD), KATARGAM",ROLL (N),EXTRA,723316
500,616,"SHIVSHAKTI FARSAN (DHARAM NAGAR), H. SHAKTI FARSAN KHODIYAR NAGAR A.K.ROAD",A.K.ROAD V,VIPULBHAI,0
501,617,"SAGAR TRADERS, MOHAN BAG",MOHAN BAG,VIPULBHAI,57895
502,619,"S.K. NAMKEEN (FOOL VADI), HODI BANGLOW",ROLL (N),EXTRA,5150
503,620,"SHIVJI DALAL, SURAT",ROLL (D),EXTRA,380
504,622,"Z SHANKHESHWAR TRADERS, BARDOLI",ROLL (D),EXTRA,1615
505,624,"SHYAM GENERAL, HIRA BAG",HIRA BAG,VIPULBHAI,1688023
506,625,"SIDHDHI FARSAN, MAHAPRABHU NAGAR",MAHAPRABHU NAGAR,NITINBHAI 2,45050
507,626,"SHIVAM TRADERS, VADAVALA",VADAVALA NAGAR,VIPULBHAI,59405
508,627,"SHIVSHAKTI KIRANA, MITHI KHADI",MITHI KHADI,NITINBHAI 2,377675
509,629,"BHAGWAN TRADING (VED ROAD), KATAR GAM",ROLL (N),EXTRA,698768
510,630,"SHAKTI TRADING (DIAMOND NAGAR), SACHIN",SACHIN,VIPULBHAI,109215
511,632,"SHREE SANT TRADERS, VED ROAD, KATAR GAM",ROLL (N),EXTRA,1203559
512,633,"Z SARGAM PAPAD, VALOD, BARDOLI",ROLL (D),EXTRA,6280
513,634,"SANGITA WEFFAR & FARSAN, BHESTAN",BHESTAN,VIPULBHAI,111000
514,635,"SHREE JAIN STORE (BAJARANG BHAI), BHATAR ROAD",BHATAR ROAD,NITINBHAI 1,28335
515,636,"SARASWATI KIRANA, BHATAR ROAD",BHATAR ROAD,NITINBHAI 1,0
516,637,"SHIV (BHARAT) TRADERS, UDHNA MAIN ROAD",UDHNA MAIN ROAD,NITINBHAI 2,26607
517,638,"SHANTINATH TRADING, KIM",KIM,DHIRENBHAI,37345
518,639,"SAVARIYA GENERAL, KUBER NAGAR",KATAR GAM 2,NITINBHAI 1,392037
519,640,"OM SAI BHOLENATH, AMROLI",,EXTRA,486552
520,641,"SINGHAL TRADERS, A.K.ROAD",A.K.ROAD V,VIPULBHAI,433435
521,642,"SHIVAM PROVISION, SACHIN",SACHIN,VIPULBHAI,190970
522,643,"SHIVSHAKTI KIRANA (DABHOLI), KATAR GAM",KATAR GAM 1,NITINBHAI 1,41585
523,644,"SHYAM BHAI, KUBER NAGAR   (Unclear Cheque :     107275)",KATAR GAM 2,NITINBHAI 1,457090
524,645,"SHREE HARI KIRANA, YOGI CHOWK",NANA VARACHHA,VIPULBHAI,26160
525,646,"SUPERKING TRADERS, VARACHHA ROAD",VARACHHA ROAD,KANBHAI,0
526,647,"SUNILKUMAR VASANTRAI, BHAVNAGAR",SAVAR KUNDALA,DHIRENBHAI,0
527,648,"SHREE RAM SALE AGENCY (GIDC), SACHIN",SACHIN,VIPULBHAI,14435
528,650,"SHATRUDHAN FOOD PRODUCT, SAYAN   (Unclear Cheque :      64780)",SAYAN,VIPULBHAI,128830
529,651,"SHYAM KIRANA, KIM FIRDOS",KIM,DHIRENBHAI,35190
530,652,"SHAILESH TRADERS, VYARA",VYARA,DHIRENBHAI,170273
531,653,"SHANTI SALSE, CITILIGHT",ROLL (N),EXTRA,174388
532,654,"SHYAM GENERAL, PALANPUR PATIYA",PALANPUR PATIYA,NITINBHAI 1,642412
533,655,"SWASTIC BEKRI (VRUNDAVAN NAGAR), GODADRA",GODADARA 2,NITINBHAI 2,0
534,656,"SUPERKING AGENCY(MANEK BHAI), SANIYA MAGOB",PUNA GAM,KANBHAI,-182358
535,658,"SHREE HARI KIRANA, AKSHAR TOWNSHIP",PARBAT PATIYA,NITINBHAI 2,0
536,659,"SAVARIYA GENERAL, RAM NAGAR",PALANPUR PATIYA,NITINBHAI 1,1389608
537,660,"SANDIP FLOUR MILL, PALSANA",PALSANA,VIPULBHAI,72380
538,661,"SHREE RAJESHWAR TRADING, AMROLI",AMROLI,VIPULBHAI,203058
539,662,"SHREE RAM TRADING CO, VALIYA CHOKDI",ANKLESHWAR,JAYKISHAN,8775
540,663,"SUGAR & CREAM CONE, UDHANA",BHATAR ROAD,KANBHAI,127100
541,665,"SATADHAR SALES AGENCY, YOGI CHOWK",NANA VARACHHA,VIPULBHAI,0
542,666,"SHREE RAM ENTERPRISE (SHAK MARKET), BARDOLI",BARDOLI,DHIRENBHAI,13920
543,667,"SIDHDHI VINAYAK TRADERS, BARDOLI",BARDOLI,DHIRENBHAI,0
544,669,"SHIV MASALA, UBHEN",KAMREJ,VIPULBHAI,0
545,670,"SURESH KIRANA (GIDC), A.K. ROAD    (Unclear Cheque :      17970)",A.K.ROAD V,VIPULBHAI,0
546,673,"SATADHAR SUPER STORES, BARODA PRISTAGE",BARODA PRISTAGE,VIPULBHAI,0
547,674,"SHREENATHJI SUPER, NILAM NAGAR",KADODARA,VIPULBHAI,44700
548,675,"SHREE RAM TRADERS (LAJPOR), SACHIN",SACHIN,VIPULBHAI,0
549,676,"SAVARIYA FARSAN (CHHAPRABHATHA ROAD), AMROLI",AMROLI,VIPULBHAI,117120
550,677,"SHIV TRADING (MOTIRAM), UDHANA MAIN ROAD",UDHNA MAIN ROAD,NITINBHAI 2,428113
551,678,"SURENDRNAGAR SAMOSA CENTER, SUDAMA CHOWK",MOTAVARACHCHA,KANBHAI,15200
552,679,"SHYAM SALES AGENCY (RAMAN PARK), KATAR GAM",KATAR GAM 1,NITINBHAI 1,62822
553,680,"SHREENATHJI TRADERS (SHREE SANT), AMROLI",ROLL (V),EXTRA,1059752
554,681,"SAHKAR GRUH UDHYOG, ANKLESHWAR",ANKLESHWAR,JAYKISHAN,0
555,683,"SURENDRNAGAR SNACKS, VALINATH SOCIETY",KAPODRA CHAR RASTA D,KANBHAI,0
556,684,"SUNDHA TRADERS (DINDOLI), NAVAGAM   (Unclear Cheque :     286380)",NAVAGAM,NITINBHAI 2,908175
557,685,"SHIVSHAKTI SUPER STORE (MADHUVAN SOCA), CHHAPRABHATHA ROAD",AMROLI,VIPULBHAI,170315
558,687,"SHREEJI TRADERS, KIM",KIM,DHIRENBHAI,314585
559,690,"SUMUL DAIRY, KATARGAM",KATAR GAM 1,KANBHAI,556000
560,692,"SHANTINATH GENERAL (MARUTI NAGAR), UDHANA YARD",UDHNA YARD,NITINBHAI 2,331111
561,694,"SATADHAR TRADING CO, ABRAMA ROAD",MOTAVARACHCHA,VIPULBHAI,782823
562,695,"TRUPTI GENERAL STORE ( BABU KAKA ), KATAR GAM",KATAR GAM 2,NITINBHAI 1,267291
563,696,"RIDHDHI GENERAL (TULSI) GALEMANDI, DILHI GATE",ROLL (N),EXTRA,-139364
564,697,"TULSI GENERAL STORE, KAMREJ",KAMREJ,VIPULBHAI,3300
565,698,"TULSI TRADING, PALANPUR PATIYA",PALANPUR PATIYA,NITINBHAI 1,0
566,699,"TESTI FARSAN VARIYALI BAZAR, HODI BANGLOW",ROLL (N),EXTRA,2300
567,700,"THAKKAR KHAMAN (VRAJ CHOWK), ANJALI SOC",ANJALI SOCIETY,VIPULBHAI,134100
568,702,"TULSI GENERAL STORES, (H- BHERUNATH GODADARA) PUNA GAM",PUNA GAM (D),VIPULBHAI,83955
569,703,"TULSI TRADERS, RAM KRUSHNA SOC",RAM KRUSHNA SOCIETY,VIPULBHAI,20620
570,704,"TOUCHSTONE FOUNDATION, SURAT",PARBAT PATIYA,KANBHAI,13750
571,705,"Z TRIBHOVAN CHELARAM, VADODARA",ROLL (D),EXTRA,11572
572,706,"TULSI NAMKEEN, NAVI PARDI",KIM,EXTRA,284336
573,707,"TULSI TRADERS, VALIYA CHOKDI",ANKLESHWAR,JAYKISHAN,242250
574,710,"UMIYA TRADERS, BHATHENA",BHATHENA,NITINBHAI 1,33515
575,711,"EURO INDIA FRESH FOOD PVT LTD, SURAT",HIRA BAG,KANBHAI,1546086
576,712,"EURO INDIA FRESH FOOD PVT (DEBIT), SARTHI COMPLEX",HIRA BAG,KANBHAI,909348
577,713,"UMA TRADERS (RANI TALAV), BHAGAL",BHAGAL,NITINBHAI 1,918493
578,714,"UMA FOOD (DEVJI BHAI), TANKARA",,EXTRA,-81570
579,715,"VARSHA TRADING (HIMALAY), PANDESARA",PANDESARA,NITINBHAI 2,124135
580,716,"VIKAS TRADING (SANTOSH), UDHNA YARD",UDHNA YARD,NITINBHAI 2,206312
581,717,"VISHAL TRADING (ADAJAN PATIYA), PALANPUR PATIYA   (Unclear Cheque :      37570)",PALANPUR PATIYA,NITINBHAI 1,23060
582,718,"VIJAY LAXMI KARIYANA STORE, KUBER NAGAR",KUBER NAGAR,VIPULBHAI,46811
583,719,"VISHVAS GENERAL STORE, MAHADEV NAGAR",MAHADEV NAGAR,VIPULBHAI,2700
584,720,"VINODBHAI (G-6 SAINATH APPARTMENT), KAMAL PARK",KAMAL PARK,VIPULBHAI,91650
585,721,"VIRAT KARIYANA STORE, VIRAT NAGAR",VIRAT NAGAR,VIPULBHAI,157498
586,722,"Z VISHAMBHAR KARIYANA STORE, VARSHA 1",ROLL (V),EXTRA,9915
587,724,"VIDHATA GENERAL STORE, SACHIN",SACHIN,VIPULBHAI,795330
588,725,"V.D SUPER STORES, KAMREJ",KAMREJ,VIPULBHAI,39565
589,726,"VARAHI TRADERS, MAHESANA",MAHESANA,DHIRENBHAI,482132
590,727,"VIJAYKUMAR NANALAL GANDHI, NANPURA",NANPURA,NITINBHAI 1,93500
591,728,"VINODBHAI (PALIGAM), SACHIN",SACHIN,VIPULBHAI,0
592,729,"VASANTBHAI, BHATHENA",BHATHENA,NITINBHAI 1,0
593,730,"VARDHAMAN SUPER STORE, PALSANA",PALSANA,VIPULBHAI,56315
594,731,"VIMAL PROVISION (HARIHARI SOC), KATAR GAM",KATAR GAM 1,NITINBHAI 1,0
595,733,"V.K SONS, GOPIPURA   (Unclear Cheque :     200000)",BHAGAL,NITINBHAI 1,5012841
596,735,"V.D & CO (L.P SAVANI), ADAJAN PATIYA",PALANPUR PATIYA,NITINBHAI 1,97260
597,736,"VIJAY TRADERS (MADANLAL), UDHANA YARD NAHER   (Unclear Cheque :     143610)",UDHNA YARD NAHER,NITINBHAI 2,706020
598,737,"VRUNDAVAN KIRANA (B\H NAVYUG CLG), ADAJAN",PALANPUR PATIYA,NITINBHAI 1,34025
599,738,"VEER TRADERS, VALIYA CHOKDI",ANKLESHWAR,JAYKISHAN,72855
600,739,"VINUBHAI IDLIVALA, KOHINOOR SOC",KOHINOOR SOCIETY,VIPULBHAI,28600
601,740,"VASANTLAL KANTILAL GANDHI, ZAPA BAZAR",DILHI GATE,NITINBHAI 1,0
602,742,"VISHV VALLABH KIRANA (SHIVSHAKTI RH), SACHIN",SACHIN,VIPULBHAI,24040
603,744,"WELCOME SUPER STORE (KRISHNA), CHALTHAN   (Unclear Cheque :      49926)",CHALTHAN,VIPULBHAI,105415
604,745,"WELCOME SUPER MARKET, GODADRA",GODADARA 1,NITINBHAI 2,13735
605,746,"XXXXX, SURAT",,EXTRA,-295967
606,747,"YOGI SALES ( SURESH BHAI ) TAPI BAG, VARACHHA ROAD",VARACHHA ROAD,VIPULBHAI,25080
607,748,"YASPAL GENERAL STORES, BHESTAN",BHESTAN,VIPULBHAI,52080
608,750,"YOGESH KIRANA, UDHNA YARD",UDHNA YARD,NITINBHAI 2,60100
609,751,"YAMUNA MASALA GRUH UDHYOG, AMROLI",AMROLI,VIPULBHAI,-10300
610,752,"Z HARIOM KIRANA (MODEL TOWN), PARVAT PATIYA",ROLL (N),EXTRA,1815
611,753,"ARIHANT SUPER STORE (RAKESHBHAI), KADODARA/CHALTHAN",KADODARA,VIPULBHAI,0
612,754,"ADARSH FARASAN, DHARAM NAGAR",A.K.ROAD V,VIPULBHAI,0
613,759,"AL AMIN TRADERS, BHAGAL",BHAGAL,NITINBHAI 1,28005
614,761,"ANNAPURNA TRADERS, UDHANA MAIN ROAD",UDHNA MAIN ROAD,NITINBHAI 2,28125
615,762,"AMBIKA SALES AGENCY, OLPAD",KAVAS,NITINBHAI 2,0
616,763,"ASHOK KIRANA, GHANSHYAM NAGAR",GHANSHYAM NAGAR,VIPULBHAI,0
617,765,"AMINITI ENTERPRISE, H. SANKET DALAL RAILWAY STATION",DILHI GATE,NITINBHAI 1,0
618,771,"AJAY CHETAN & CO, BHAGAL",BHAGAL,NITINBHAI 1,123000
619,773,"BHAVANI FARSAN ( BIPINBHAI ), GHANSHYAM NAGAR",GHANSHYAM NAGAR,VIPULBHAI,16125
620,776,"BHOJALRAM TRADING (SHYAMDHAM), NANA VARACHHA",NANA VARACHHA,VIPULBHAI,35370
621,778,"BHERUNATH KIRANA, NAVAGAM",NAVAGAM,NITINBHAI 2,51510
622,783,"B.M TRADERS, MARGHA KENDRA",VADAVALA NAGAR,VIPULBHAI,21000
623,786,"BAJARANG KIRANA, NILKANTH SOC",ANJALI SOCIETY,VIPULBHAI,53144
624,792,"C.M BROTHERS, MORA BHAGAL",PALANPUR PATIYA,NITINBHAI 1,0
625,798,"CHOTHMAL UTTAMCHAND, ANKLESHWAR",ANKLESHWAR,JAYKISHAN,0
626,799,"CHAMUNDA PROVISION, SACHIN PALIGAM",SACHIN,VIPULBHAI,296870
627,800,"DEVI KRUPA KARIYANA STORE, HIMMAT NAGAR",HIMMAT NAGAR,VIPULBHAI,63873
628,802,"DIPAK TRADERS (KASAKI VAD), BHAGAL   (Unclear Cheque :     272250)",BHAGAL,NITINBHAI 1,0
629,804,"DHANLAXMI TRADERS, GOYA BAZAR",ANKLESHWAR,JAYKISHAN,559359
630,809,"DEV NARAYAN &SONS (RAMESHBHAI), MAN SAROVAR GATE",GODADARA 1,NITINBHAI 2,41425
631,814,"GOPINATH CHOCOLATE, KAMREJ",KAMREJ,VIPULBHAI,21300
632,816,"GANESH TRADERS (UDHNA) (9408148300), BHATHENA",BHATHENA,NITINBHAI 1,0
633,819,"GAURAV FOOD (KHIRU VALA), DABHOLI",KATAR GAM 1,NITINBHAI 1,73350
634,824,"GAFAR BHAI, LAXMAN NAGAR",LAXMAN NAGAR,VIPULBHAI,16830
635,827,"HIMATLAL RAMJIBHAI, DARPAN CINEMA",DARPAN CINEMA,VIPULBHAI,0
636,829,"HARIOM TOBECO & SUPER (MADANLAL), GODADRA",GODADARA 2,NITINBHAI 2,581655
637,831,"HARIOM GRUH UDHYOG, PIPODARA",KIM,DHIRENBHAI,0
638,834,"JAGDISH TRADERS, PUNAGAM",PUNA GAM (D),VIPULBHAI,0
639,835,"JAY DURGA TRADING, UDHNA MAIN ROAD",UDHNA MAIN ROAD,NITINBHAI 2,247000
640,836,"JITESH FLOUR MILL, GHANSHYAM NAGAR",GHANSHYAM NAGAR,VIPULBHAI,0
641,838,"JALARAM FARSAN (DHARAMNAGAR), A.K.ROAD",A.K.ROAD V,VIPULBHAI,29800
642,839,"JALARAM PATRA (SWAMINARAYAN MANDIR), SILVER CHOWK ",NANA VARACHHA,VIPULBHAI,900
643,840,"JALARAM MASALA (L.P SAVANI), ADAJAN PATIYA",,SHOP,257766
644,842,"JALARAM TRADERS (SUBHASHBHAI), GOTALA VADI",KATAR GAM 1,NITINBHAI 1,6975
645,845,"JAGDISH KUMAR, RAJKOT",SAVAR KUNDALA,DHIRENBHAI,52200
646,848,"JIGAR BHAI, KATAR GAM",KATAR GAM 1,NITINBHAI 1,15310
647,857,"KALPESH TRADERS, BARDOLI",BARDOLI,DHIRENBHAI,0
648,859,"KAILASH TRADING, PANDESARA (SACHIN)",PANDESARA,NITINBHAI 2,1471
649,862,"KAVITA NAMKEEN, DEVAT GAM   (Unclear Cheque :     188262)",GODADARA 1,NITINBHAI 2,-47992
650,864,"KRISHNA DANACHANA, A.K.ROAD",A.K.ROAD V,VIPULBHAI,0
651,865,"KALPTARU TRADERS, VYARA",VYARA,KANBHAI,1821545
652,866,"KHODIYAR TRADING, HIMMAT NAGAR",HIMMAT NAGAR,VIPULBHAI,0
653,870,"LALIT KIRANA (VIRAJIBHAI), BARODA PRISTAGE   (Unclear Cheque :       8425)",BARODA PRISTAGE,VIPULBHAI,10785
654,878,"MEHTA TRADERS, BARDOLI",BARDOLI,DHIRENBHAI,-19170
655,880,"Z MAHADEV TRADING(BAMROLI ROAD), PANDESARA",ROLL (N),EXTRA,-45000
656,890,"MOHAN HANSRAJ NI CO (GANESH), TADKESHWAR",KIM,KANBHAI,40478
657,892,"MARUTI STORES (DEBIT), VARSHA",VARSHA 1,VIPULBHAI,75815
658,893,"MANGAL TRADING, SAYAN",SAYAN,VIPULBHAI,158990
659,895,"NAKODA TRADERS, BARDOLI",BARDOLI,DHIRENBHAI,0
660,899,"NARMADA TRADERS, CHIKUVADI",KATAR GAM 1,NITINBHAI 1,0
661,900,"OM SUPER STORES (SINGAN POR), KATAR GAM",KATAR GAM 1,NITINBHAI 1,0
662,901,"PAVAN TRADERS (30,RANCHHOD NAGAR), UDHNA MAIN ROAD",UDHNA MAIN ROAD,NITINBHAI 2,0
663,904,"PRAKASH BHAI (BILI MORA), NAVASARI",NAVASARI,DHIRENBHAI,122875
664,909,"PARTH GENERAL, SAYAN",SAYAN,VIPULBHAI,147618
665,910,"RAMA JIVA, GODADARA",GODADARA 2,NITINBHAI 2,367900
666,912,"RAMDEV KIRANA (PRIYANKA MEGA CITY), GODADRA",GODADARA 1,NITINBHAI 2,0
667,915,"RAJASTHAN TRADERS, VYARA",VYARA,DHIRENBHAI,0
668,916,"RAJESH FLOUR MILL, PARBAT PATIYA   (Unclear Cheque :      26370)",PARBAT PATIYA,NITINBHAI 2,0
669,917,"RATAN NAMKEEN (KANJI BHAI), BHAGYODAY ESTATE",PARBAT PATIYA,NITINBHAI 2,218607
670,924,"RAMDEV KIRANA (GANGARAM), RAMKRUSHNA SOC",L.H.ROAD,VIPULBHAI,0
671,927,"RAMDEV AGENCY, LASKANA",KAMREJ,VIPULBHAI,138750
672,930,"SHIV BEKARI, VARACHHA ROAD",VARACHHA ROAD,VIPULBHAI,91440
673,931,"RAJLAXMI KIRANA, SARVODAY",GODADARA 1,NITINBHAI 2,9330
674,934,"SHREENATHJI SUPER (BHIDABHAJAN SOC), NANA VARACHHA",NANA VARACHHA,VIPULBHAI,0
675,938,"SHREEJI TRADING, BHAVNAGAR",SAVAR KUNDALA,DHIRENBHAI,54780
676,939,"SHARADA GRUH UDHYOG (HASUBHAI), BHARUCH",BHARUCH,JAYKISHAN,3175
677,949,"S.T STORES, NANPURA",NANPURA,NITINBHAI 1,0
678,958,"THAKORDAS AMTHARAM GANDHI, BHAGAL",BHAGAL,NITINBHAI 1,0
679,964,"VIDHATA GENERAL (CHIKUVADI), H. VARSHA PANDESARA",PANDESARA,NITINBHAI 2,0
680,965,"VARDHAMAN TOBECO, SACHIN",SACHIN,VIPULBHAI,5100
681,967,"VARDHAMAN TRADERS, ANKLESHWAR",ANKLESHWAR,JAYKISHAN,1575
682,970,"VERIETY STORES, VYARA",VYARA,DHIRENBHAI,123700
683,971,"VASANTLAL CHOTHMAL, KAILASH NAGAR",BHAGAL,NITINBHAI 1,0
684,974,"VINAYAK GENERAL, SAYAN",SAYAN,VIPULBHAI,40808
685,977,"YOGESHWAR FARSAN, AMI PARK",AMI PARK,VIPULBHAI,0
686,981,"DHARTI SALES, NANA VARACHHA",NANA VARACHHA,VIPULBHAI,82410
687,982,"NAVIN VIJAY CO, GOYA BAZAR",ANKLESHWAR,JAYKISHAN,49465
688,983,"RAVI TRADERS (SHREE AVENUE SAME), GODADARA",GODADARA 1,NITINBHAI 2,95590
689,984,"MAHESHWARI TRADERS, A.K.ROAD",A.K.ROAD V,VIPULBHAI,36583
690,995,"SABRAS FOOD, KIM",KIM,DHIRENBHAI,63450
691,996,"AMARDEEP TRADERS (UDAY NAGAR), KATAR GAM",KATAR GAM 1,NITINBHAI 1,2550
692,997,"DEV NARAYAN TRADERS (NILGIRI), TRIKAM NAGAR",UDHNA YARD NAHER,NITINBHAI 2,3160
693,1000,"SAI TRADING (MADHI), BARDOLI",BARDOLI,DHIRENBHAI,26595
694,1003,"RATHI SALES CO., PANDESARA   (Unclear Cheque :      46800)",PANDESARA,NITINBHAI 2,1011210
695,1010,"GANDHI ASHVINKUMAR DAYABHAI, GOYABAZAR",ANKLESHWAR,JAYKISHAN,27750
696,1012,"PARESH TEMPO, BARDOLI",BARDOLI,DHIRENBHAI,3820
697,1016,"VEDANT SUPER STORE, ABHILASHA - 1 ",AMROLI,VIPULBHAI,140255
698,1018,"RADHE MAHILA GRUH UDHYOG (HARSHADBHAI), AMROLI",AMROLI,KANBHAI,71695
699,1019,"HIMALAY TRADING, SAYAN ROAD",AMROLI,VIPULBHAI,128040
700,1020,"MAHESHWARI SUPER, KAVAS",PALANPUR PATIYA,NITINBHAI 1,0
701,1021,"PARSHOTAM DAS & CO, KAVAS",PALANPUR PATIYA,NITINBHAI 1,2700
702,1022,"AMBIKA KIRANA, SAYAN   (Unclear Cheque :      50000)",SAYAN,VIPULBHAI,65590
703,1026,"PRABHAV TRADERS, SONGADH",VYARA,KANBHAI,49600
704,1028,"RUSHI TRADING, PARBAT PATIYA",PARBAT PATIYA,NITINBHAI 2,199935
705,1029,"DHARMARAJ TRADERS (RAMI PARK), GODADARA",NAVAGAM,NITINBHAI 2,464468
706,1031,"SHIV FLOUR MILL (KALUBHAI), OPERA,VIP CIRCLE",ROLL (V),EXTRA,236580
707,1035,"ARIHANT GENERAL, PIPODARA",KIM,DHIRENBHAI,20990
708,1039,"MOKSH KIRANA, KATARGAM",KATAR GAM 1,NITINBHAI 1,0
709,1040,"VIPUL TRADERS, ANKLESHWAR",ANKLESHWAR,JAYKISHAN,68900
710,1045,"DEV NARAYAN TRADERS, NILAM NAGAR",GODADARA 2,NITINBHAI 2,22475
711,1047,"ARPIT INTERNATIONAL, VASHI",BOMBAY,SHOP,11110
712,1052,"JAY TRADING, TRIKAM NAGAR",TRIKAM NAGAR,VIPULBHAI,500
713,1053,"RAMDEV KIRANA (RANCHHOD BHAI), NILGIRI ",UDHNA YARD NAHER,NITINBHAI 2,12150
714,1054,"PRATAP PROVISION (SIDHDHARTH), MODEL TOWN",PARBAT PATIYA,NITINBHAI 2,0
715,1055,"SHREE KRUPA TRADING, JAKATNAKA (RADHEKRUSHN SO)",NANA VARACHHA,VIPULBHAI,0
716,1058,"MATESHWARI TRADING CO, RAMIPARK GODADARA",NAVAGAM,NITINBHAI 2,367485
717,1059,"SHRI UMIYA PARIVAR TRUST, UMIYADHAM MANDIR   (Unclear Cheque :      10500)",A.K.ROAD V,VIPULBHAI,0
718,1063,"VISHALA AGRO FOOD, SACHIN",SACHIN,KANBHAI,167300
719,1067,"CHAMUNDA FLOUR MILL, BHATAR",BHATAR ROAD,NITINBHAI 1,0
720,1068,"MATESHWARI SUPER, ARIHANT PARK ",KADODARA,VIPULBHAI,85035
721,1069,"HIREN BROTHERS, BHARUCH",BHARUCH,JAYKISHAN,165658
722,1071,"LAXMI KIRANA (PATEL NAGAR), UDHANA",UDHNA MAIN ROAD,NITINBHAI 2,0
723,1072,"ADINATH MARKETING, GODADARA   (Unclear Cheque :     151576)",GODADARA 1,NITINBHAI 2,15630
724,1073,"SHREE RAM TRADERS (SONARAM), GODADARA",GODADARA 2,NITINBHAI 2,318115
725,1075,"D.N SUPER STORE, DINDOLI BUS STOP   (Unclear Cheque :      73400)",NAVAGAM,NITINBHAI 2,229835
726,1076,"VIKAS TRADERS, MAHAPRABHUNAGAR",GODADARA 2,NITINBHAI 2,306543
727,1077,"BHAGAVAN KIRANA (LASKANA), VIPUL NAGAR",KAMREJ,VIPULBHAI,0
728,1079,"SARVMANGAL FOOD, PIPODARA",KIM,KANBHAI,0
729,1090,"BHERUNATH KIRANA STORE, PIPODARA",KIM,DHIRENBHAI,1650
730,1091,"BAJARANG PROVISION STORE, ANKLESHWAR ",ANKLESHWAR,JAYKISHAN,103850
731,1092,"SHREE SHAKTI TRADING CO, ANKLESHWAR",ANKLESHWAR,JAYKISHAN,137010
732,1094,"AVAKAR TRADERS, ANKLESHWAR",ANKLESHWAR,JAYKISHAN,5090
733,1095,"MAHAVEER CORPORATION, KAMREJ",KAMREJ,VIPULBHAI,0
734,1096,"DEV NARAYAN KIRANA (DHIRAJ BHAI), MITHI KHADI",MITHI KHADI,NITINBHAI 2,3000
735,1100,"APESHWAR TRADERS, BHATHENA",BHATHENA,NITINBHAI 1,159685
736,1101,"SHIV AVTAR TRADERS, GOYA BAZAR",ANKLESHWAR,JAYKISHAN,53585
737,1102,"SHRI GANESH PROVISION STORE, NETRANG",AMROLI,VIPULBHAI,0
738,1103,"JAY MATAJI ANAJ BHANDAR, AMROLI (AAVAS)   (Unclear Cheque :     130000)",AMROLI,VIPULBHAI,435068
739,1104,"SATNAM TRADERS, CHIKUVADI",KATAR GAM 1,NITINBHAI 1,0
740,1106,"GORAJI TRADERS, BHATAR",BHATAR ROAD,NITINBHAI 1,0
741,1111,"RAGHUVEER FOOD PRODUCTS, SACHIN",SACHIN,KANBHAI,556900
742,1114,"BHERUJI MASALA (AASPAS), GODADARA",GODADARA 2,NITINBHAI 2,727959
743,1116,"ASHAPURA KIRANA, MODEL TOWN",PARBAT PATIYA,NITINBHAI 2,19980
744,1117,"KALPESH DRY FRUITS (SURENDRA BHAI), KAMREJ   (Unclear Cheque :     172703)",KAMREJ,VIPULBHAI,339264
745,1123,"KANA ENTERPRISE, NAVSARI ",NAVASARI,DHIRENBHAI,8625
746,1128,"MAHAKALI FOOD, PALSANA",PALSANA,KANBHAI,11660
747,1131,"JAY JULELAL TRADERS (DEBIT), RAM NAGAR",PALANPUR PATIYA,NITINBHAI 1,0
748,1133,"AGRAWAL TRADING, ANKLESHWER",ANKLESHWAR,JAYKISHAN,5800
749,1134,"SHRADHDHA TRADING (SANJAY BHAI), KUBERNAGAR",KATAR GAM 2,KANBHAI,0
750,1137,"RAVANI GENERAL (AMARDEEP SOC), NANA VARACHHA",NANA VARACHHA,VIPULBHAI,137160
751,1139,"M.D MART (CHAUDHARI), GODADARA   (Unclear Cheque :      21280)",GODADARA 1,NITINBHAI 2,228186
752,1143,"RAJ OVERSEAS, ZAPABAZAR",DILHI GATE,NITINBHAI 1,156405
753,1145,"MATESHWARI NAMKEEN (MUKESH BHAI), NAVAGAM",NAVAGAM,NITINBHAI 2,0
754,1147,"SUNRISE TRADERS, GOYA BAZAR",ANKLESHWAR,JAYKISHAN,0
755,1148,"SHIVSHAKTI TRADING, RAJPIPLA CHOKDI",ANKLESHWAR,JAYKISHAN,0
756,1149,"NAVAKAR TRADERS, ISHWAR KRUPA",KUBER NAGAR,KANBHAI,0
757,1151,"BRAHMANI KIRANA (OM NAGAR), DINDOLI",NAVAGAM,NITINBHAI 2,37500
758,1152,"DEV NARAYAN KIRANA,  MARUTI NAGAR",UDHNA YARD,NITINBHAI 2,0
759,1153,"RAJESHWAR TOBECO & GENERAL STORES, MAN SAROVAR ROAD",GODADARA 2,NITINBHAI 2,298495
760,1156,"KRISHNA TRADERS (MOHAN LAL), PALANPUR PATIYA",PALANPUR PATIYA,NITINBHAI 1,592162
761,1157,"PREM BHAI, ANKLESHWAR",ANKLESHWAR,JAYKISHAN,0
762,1160,"KGN GENERAL, TRILOK NAGAR",KATAR GAM 1,NITINBHAI 1,13990
763,1162,"RAJPUTANA TRADERS (HOUSING), SACHIN",SACHIN,VIPULBHAI,219485
764,1163,"RAJ FOOD PRODUCTS, UNA",SAVAR KUNDALA,KANBHAI,6000
765,1166,"MAHAVEER STORE, GOPIPURA",BHAGAL,NITINBHAI 1,0
766,1170,"R.K TRADERS, SACHIN GIDC",SACHIN,VIPULBHAI,92278
767,1171,"SHREE HARI GRUH UDHYOG, SACHIN   (Unclear Cheque :     400000)",SACHIN,KANBHAI,228500
768,1172,"RADIUM FOOD, NR. MANISHA HOTEL",KAMREJ,KANBHAI,3474
769,1173,"JAY AMBE TRADERS (VED ROAD), KATAR GAM",KATAR GAM 1,NITINBHAI 1,0
770,1175,"CHHAGAN BHAI, SIMADA GAM",NANA VARACHHA,VIPULBHAI,20280
771,1176,"SHREEJI TRADERS (SIMADA GAM), HASTE. MARUTI SHYAMDHAM, SARTHANA JAKATNAKA",NANA VARACHHA,VIPULBHAI,193878
772,1182,"TULSI TRADERS, ANJANI GIDC , AMROLI",SAYAN,VIPULBHAI,37425
773,1184,"BHERUNATH TRADERS (GANGADHARA), (HASTE: PAPPUBHAI) BARDOLI",BARDOLI,DHIRENBHAI,69325
774,1193,"RAJARAM TRADERS, SAROLI GATE NI BAJUMA",PUNA GAM (D),VIPULBHAI,223530
775,1195,"UMIYA TRADERS, ANKLESHWER",ANKLESHWAR,JAYKISHAN,0
776,1196,"MOMAI TRADERS (DEBIT), NANA VARACHHA",NANA VARACHHA,VIPULBHAI,502
777,1197,"VINAY TRADERS, GODADARA",GODADARA 1,NITINBHAI 2,108395
778,1202,"DATANI ENTERPRISE, JAMNAGAR",SAVAR KUNDALA,DHIRENBHAI,0
779,1204,"MARUTI GENERAL STORE, PIRAMIN NAKA",ANKLESHWAR,JAYKISHAN,52130
780,1207,"RAMDEV SUPER (SURBHI COMPLEX), PARBAT PATIYA   (Unclear Cheque :      37000)",PARBAT PATIYA,NITINBHAI 2,324320
781,1213,"MUKESH TRADERS, UDHANA YARD",UDHNA YARD NAHER,NITINBHAI 2,45560
782,1214,"MARUTI KIRANA, VIVEKANAND",VIVEKANAND SOCIETY,VIPULBHAI,211560
783,1215,"KHODIYAR FARSAN, PATELNAGAR KAMREJ",KAMREJ,VIPULBHAI,16800
784,1216,"S.P AGENCY, PAAL",PALANPUR PATIYA,NITINBHAI 1,0
785,1217,"SHREE TRADERS, BHAGU NAGAR",SANTOSHI NAGAR D,VIPULBHAI,0
786,1219,"SATAGURU TRADERS, GODADARA",GODADARA 2,NITINBHAI 2,66210
787,1220,"DEV NARAYAN KIRANA, NAVA NAGAR",UDHNA YARD,NITINBHAI 2,0
788,1221,"JALARAM MASALA (RUSHIT BHAI), CHIKHLI",VALASAD,DHIRENBHAI,7185
789,1222,"KAILASH BHAI (SAMOSA VALA), MAHADEV NAGAR",MAHADEV NAGAR,VIPULBHAI,81825
790,1223,"JALARAM MASALA (PRADIP BHAI), ANANDMAHAL ROAD ",,SHOP,287635
791,1225,"DHARTI TRADERS, PALANPUR PATIYA",PALANPUR PATIYA,NITINBHAI 1,0
792,1227,"SUNRISE MARKETING, KACHCHH",VYARA,DHIRENBHAI,181995
793,1228,"DEV NARAYAN (PANI NI TAKI), NANA VARACHA",NANA VARACHHA,VIPULBHAI,0
794,1230,"SHREE KRISHNA SAMOSA, KAMREJ ",KAMREJ,VIPULBHAI,21300
795,1234,"VAIDIK TRADING CO, DHARAMNAGAR",A.K.ROAD V,VIPULBHAI,20645
796,1239,"HAPPY TRADERS (PANI NI TAKI PASE), PUNAGAM ",PUNA GAM,VIPULBHAI,307468
797,1242,"N.K MART (RUKSHMANIPARK), KHARVASA ROAD   (Unclear Cheque :     139733)",NAVAGAM,NITINBHAI 2,287427
798,1245,"SAVARIYA PROVISION (BILIYANAGAR), NAVAGAM",NAVAGAM,NITINBHAI 2,12800
799,1247,"DARSHAN TRADERS, KAPODRA",KAPODRA CHAR RASTA D,VIPULBHAI,0
800,1249,"MARUTI TRADERS, RAJPIPALA CHOKDI ",ANKLESHWAR,JAYKISHAN,74250
801,1251,"NEW JAGDAMBA KIRANA (NARU BHAI), NILGIRI",UDHNA YARD NAHER,NITINBHAI 2,587609
802,1252,"J.C CHANAVALA, ANKLESHWAR",ANKLESHWAR,JAYKISHAN,0
803,1255,"SUNDHA TRADERS, MITHIKHADI",MITHI KHADI,NITINBHAI 2,195110
804,1257,"SHREE RAJESHWAR TRADING (DEBIT), AMROLI   (Unclear Cheque :     168500)",AMROLI,VIPULBHAI,106258
805,1261,"R.M SHUKLA KIRANA STORE, GOPAL NAGAR",GODADARA 2,NITINBHAI 2,89180
806,1263,"NITINBHAI, SIMADA",NANA VARACHHA,VIPULBHAI,152320
807,1265,"RATHI TRADERS, GALEMANDI",DILHI GATE,NITINBHAI 1,0
808,1266,"ROYAL DRYFRUITS, BHAGAL",BHAGAL,NITINBHAI 1,0
809,1270,"PARAG D. MITHIYA, DAYAPARK",BHOLA NAGAR,VIPULBHAI,35740
810,1271,"NAVJIVAN MARKETING, SIMADA NAKA",NANA VARACHHA,VIPULBHAI,0
811,1273,"R.K DRYFRUIT (DEBIT), BHAGAL",BHAGAL,NITINBHAI 1,1267
812,1283,"RAMDEV GENERAL STORE (CHIRAG ), VALAM NAGAR",NANA VARACHHA,VIPULBHAI,1078710
813,1285,"SAVARIYA TRADERS (BALUBHAI), NILGIRI   (Unclear Cheque :      50000)",GODADARA 2,NITINBHAI 2,252782
814,1286,"TULSI SUPER STORE, VALIYA CHOKDI",ANKLESHWAR,JAYKISHAN,624679
815,1287,"MAHADEV SALES, DADA BHAGVAN ,KAMREJ",KAMREJ,VIPULBHAI,22400
816,1301,"SIDHDHI FARSAN (DEBIT), MAHAPRABHU NAGAR",MAHAPRABHU NAGAR,NITINBHAI 2,0
817,1310,"MANGALAM TRADING (DEBIT), UDHN YARD",UDHNA MAIN ROAD,NITINBHAI 2,59840
818,1312,"DELUX TRADERS (DEBIT), UDHNA YARD",UDHNA MAIN ROAD,NITINBHAI 2,334027
819,1313,"RADHE TRADING (DEBIT), UDHNA YARD",UDHNA MAIN ROAD,NITINBHAI 2,5469
820,1315,"POOJA TRADING (DEBIT), PANDESARA",PANDESARA,NITINBHAI 2,661713
821,1321,"NEW GAUTAM PROVISION STORE (DEBIT), AMROLI   (Unclear Cheque :      40650)",AMROLI,VIPULBHAI,274591
822,1326,"MADANLAL MOHANLAL (DEBIT), CHALTHAN",CHALTHAN,VIPULBHAI,22500
823,1347,"RAMDEV GENERAL STORE (CHIRAG) (DEBIT), VALAM NAGAR ",NANA VARACHHA,VIPULBHAI,152309
824,1350,"SHREE HARI KIRANA (DEBIT), YOGI CHOWK",NANA VARACHHA,VIPULBHAI,0
825,1355,"TULSI GENERAL STORE (DEBIT), KAMREJ",KAMREJ,VIPULBHAI,360
826,1356,"ARIHANT TRADERS (NARU BHAI) (DEBIT), KAMREJ",KAMREJ,VIPULBHAI,34705
827,1357,"ARIHANT TRADERS (SURENDRA BHAI) (DEBIT), KAMREJ",KAMREJ,VIPULBHAI,0
828,1362,"MANOHAR TRADING (GANESH) (DEBIT), KAPODRA",KAPODRA CHAR RASTA D,VIPULBHAI,11485
829,1366,"NAVAKAR TRADERS (DEBIT), ISHWAR KRUPA",KUBER NAGAR,KANBHAI,27310
830,1377,"KGN GENERAL STORE (DEBIT), TRILOK NAGAR",KATAR GAM 1,NITINBHAI 1,12330
831,1381,"AMINITI ENTERPRISE (DEBIT), RAILWAY STATION",DILHI GATE,NITINBHAI 1,1200
832,1387,"SUNIL TRADERS (DEBIT), BHATAR ROAD",BHATAR ROAD,NITINBHAI 1,78675
833,1391,"PASHVANATH TRADING (DEBIT), PALANPUR PATIYA   (Unclear Cheque :     151970)",PALANPUR PATIYA,NITINBHAI 1,461825
834,1396,"V.D & CO (L.P SAVANI) (DEBIT), ADAJAN PATIYA",PALANPUR PATIYA,NITINBHAI 1,1463174
835,1401,"M.D MART (CHAUDHRI) (DEBIT), GODADARA",GODADARA 1,NITINBHAI 2,192415
836,1405,"KALPTARU TRADERS (DEBIT), VYARA",VYARA,KANBHAI,228624
837,1412,"VIMAL PROVISION (PAVUBHAI) (DEBIT), SAVAR KUNDALA",SAVAR KUNDALA,DHIRENBHAI,0
838,1416,"BHAYANI SALES CORPORATION, KAMREJ",KAMREJ,VIPULBHAI,174090
839,1420,"RAJASTHAN KARIYANA STORE (DEBIT), VADAVALA NAGAR   (Unclear Cheque :     170000)",VADAVALA NAGAR,VIPULBHAI,201793
840,1428,"ARIHANT TRADERS (DIPAKBHAI) (DEBIT), KATAR GAM ",KATAR GAM 2,NITINBHAI 1,-23930
841,1455,"SHIVSHAKTI TRADING (DEBIT), RAJPIPLA CHOKDI",ANKLESHWAR,JAYKISHAN,0
842,1462,"SHANTI TRADING (DEBIT), CHALTHAN",CHALTHAN,VIPULBHAI,147255
843,1471,"BHERUNATH KARIYANA (S.B SONS) (DEBIT), KRUSHNAKUNJ GODADARA",NAVAGAM,NITINBHAI 2,1532626
844,1472,"PATEL TOBECO (VED ROAD) (DEBIT), KATAR GAM",KATAR GAM 1,NITINBHAI 1,0
845,1476,"KISAN TRADERS (DEBIT), VALIYA CHOKDI",ANKLESHWAR,JAYKISHAN,40800
846,1481,"PRINCE TRADERS (NANESH) (DEBIT), BHESTAN",BHESTAN,VIPULBHAI,21755
847,1485,"YAMUNA ENTERPRISE (BHAVANI CIRCLE), PATEL NAGAR   (Unclear Cheque :      90000)",A.K.ROAD V,KANBHAI,72140
848,1493,"SHREE SWAMINARAYAN SUPER STORE, DABHOLI",KATAR GAM 1,NITINBHAI 1,63783
849,1498,"KHETESHWAR TRADERS (DEBIT), PARBAT PATIYA",PARBAT PATIYA,NITINBHAI 2,26990
850,1509,"DEEP TRADERS (DABGARVAD), RANI TALAV",BHAGAL,NITINBHAI 1,249231
851,1518,"MILAN FARSAN (DEBIT), MAHAPRABHUNAGAR",MAHAPRABHU NAGAR,NITINBHAI 2,0
852,1543,"PRAKASH TRADERS (DEBIT), CHALTHAN",CHALTHAN,VIPULBHAI,19410
853,1549,"MARUTI TRADING (DEBIT), PALSANA",PALSANA,VIPULBHAI,0
854,1584,"ISHWARLAL & SONS(CHOUTA BAZAR) (DEBIT), LAL GATE ",BHAGAL,NITINBHAI 1,434
855,1587,"RAJESH KIRANA (DEBIT), KIM",KIM,DHIRENBHAI,17490
856,1619,"BAJARANG PROVISION STORE (DEBIT), ANKLESHWAR",ANKLESHWAR,JAYKISHAN,-48230
857,1620,"SHREE NATHJI PROVISION STORE (DEBIT), GHADKHOR PATIYA",ANKLESHWAR,JAYKISHAN,0
858,1629,"BHAYANI GENERAL STORE (ASHOK BHAI) DEBIT, SANTOSHI NAGAR",SANTOSHI NAGAR D,VIPULBHAI,48550
859,1650,"SHITAL JUICE&SNACKS (HARSHAD BHAI)DEBIT, MINI BAZAR",MINI BAZAR,VIPULBHAI,0
860,1654,"SURENDRNAGAR SNACKS (DEBIT), VALINATH SOCIETY",KAPODRA CHAR RASTA D,VIPULBHAI,0
861,1660,"HARESHBHAI JIVANI,  ",,SHOP,38759
862,1661,"DIPAK MASALA (DEBIT), BHATAR",BHATAR ROAD,NITINBHAI 1,0
863,1672,"SHIVAM TRADERS (DEBIT), BHATAR ROAD",BHATAR ROAD,NITINBHAI 1,132490
864,1674,"MALESHWAR TRADERS (BHAIYANAGAR), PUNAGAM",PUNA GAM (D),VIPULBHAI,17960
865,1681,"PAVAN TRADING, VADODARA",,PRATIK BHAI,-1742769
866,1698,"MODHESHWARI SHAKTI ANAJ BHANDAR, MOGAL PURA",BHARUCH,JAYKISHAN,1390
867,1702,"DEV NARAYAN SUPER STORE (CHUNILAL), MAN SAROVAR ROAD",GODADARA 2,NITINBHAI 2,206315
868,1703,"SHIVAM TRADERS, RAVI PARK",RAVI PARK,VIPULBHAI,34590
869,1710,"AVAKAR TRADERS (DEBIT), ANKLESHWAR",ANKLESHWAR,JAYKISHAN,-2010
870,1713,"RAJARAM SUPER STORE, SATYANARAYAN ",VADAVALA NAGAR,VIPULBHAI,-250
871,1714,"JALARAM GENERAL (SANJAYBHAI) (DEBIT), KATAR GAM",KATAR GAM 2,NITINBHAI 1,0
872,1716,"BHAVANI KHAMAN, SANTOSHI NAGAR",SANTOSHI NAGAR D,VIPULBHAI,0
873,1718,"PRAKASH GENERAL STORE (DEBIT), KAMREJ",KAMREJ,VIPULBHAI,60717
874,1734,"SHUBHLAXMI KIRANA, KARGIL CHOWK",LAXMAN NAGAR,VIPULBHAI,0
875,1744,"LAXMI TRADERS (PALIGAM), SACHIN",SACHIN,VIPULBHAI,53390
876,1745,"ASHAPURA TRADERS (LAXMI VILA), SACHIN GIDC",SACHIN,VIPULBHAI,74930
877,1750,"AJAY & CO., ZAPA BAZAR",DILHI GATE,NITINBHAI 1,75150
878,1751,"SUPER TRADERS, ZAPA BAZAR",DILHI GATE,NITINBHAI 1,57603
879,1753,"JAY TULSI TRADERS (DEBIT), BHATAR ROAD",BHATAR ROAD,NITINBHAI 1,1180
880,1760,"POOJA TRADERS (KENAL ROAD), BAPA SITARAM CHOWK",KAMREJ,VIPULBHAI,70870
881,1765,"JALARAM MASALA (JITUBHAI) (TARVADI), RANDER ",,SHOP,128064
882,1766,"SAPRA PENDAVALA, BARODA PRISTAGE",BARODA PRISTAGE,VIPULBHAI,46000
883,1769,"RAVANI GENERAL (AMARDEEP SOC) (DEBIT), NANA VARACHHA",NANA VARACHHA,VIPULBHAI,0
884,1774,"SHIVSHAKTI KIRANA (SANJAY NAGAR), NILGIRI",GODADARA 2,NITINBHAI 2,105210
885,1777,"SUPER BEEZ RETAIL, KAMREJ",KAMREJ,VIPULBHAI,350875
886,1784,"SUPER BEEZ RETAIL (DEBIT), KAMREJ",KAMREJ,VIPULBHAI,172350
887,1792,"AKSHAYPATRA FOUNDATION (SILVASSA), SILVASSA",PARBAT PATIYA,KANBHAI,0
888,1794,"KALPESH TRADERS (DEBIT), BARDOLI",BARDOLI,DHIRENBHAI,0
889,1797,"NAVAKAR AGRO (VIMALBHAI), TATITHAIYA ",BARDOLI,DHIRENBHAI,-97750
890,1799,"TULSI GENERAL STORE (MARVEL HOMES), SILVER CHOWK",PUNA GAM (D),VIPULBHAI,0
891,1802,"BHERUNATH KIRANA (SURESHBHAI), HAMAD APP. RAMPURA",KATAR GAM 2,NITINBHAI 1,0
892,1805,"VIJAY LAXMI GENERAL STORE, JOLWA",BARDOLI,DHIRENBHAI,29320
893,1812,"P.MART (UTRAN), AMBEY VALLEY HIGHTS",AMROLI,VIPULBHAI,39220
894,1816,"MULCHAND UKAMAL HARIYANI, NARMDA MARKET",BHARUCH,JAYKISHAN,132900
895,1819,"DEV NARAYAN TRADERS (BHAIYA NAGAR), PUNA GAM",PUNA GAM (D),VIPULBHAI,-18510
896,1825,"I.G SUPER, HALDHRU",BARDOLI,DHIRENBHAI,106630
897,1832,"RAJLAXMI TRADERS (CNG PUMP), RAGHUNANDAN SOC.",GODADARA 2,NITINBHAI 2,107820
898,1833,"MARUTI STORES & DRYFRUIT, GOLDEN SQUARE (D.MART)",MOTAVARACHCHA,VIPULBHAI,-6050
899,1834,"HASMUKHLAL MAGANLAL MODI (DAVE HOTEL), ANKLESHWAR",ANKLESHWAR,JAYKISHAN,95235
900,1835,"DINESHCHANDRA RAMANLAL PISTOLWALA, BHARUCH",BHARUCH,JAYKISHAN,9300
901,1838,"LAXMI TRADERS (LIMBAR), BARDOLI",BARDOLI,DHIRENBHAI,-13406
902,1840,"CHAMUNDA NAMKEEN, BARDOLI",BARDOLI,DHIRENBHAI,14500
903,1841,"GAYATRI TRADERS, BHARUCH",BHARUCH,JAYKISHAN,255376
904,1842,"SHAKTI SUPER STORE, MITHI KHADI",MITHI KHADI,NITINBHAI 2,31280
905,1843,"KHUSHBU TRADERS (HOUSING BOARD), PALANPUR PATIYA",PALANPUR PATIYA,NITINBHAI 1,108110
906,1844,"CHAUDHARI  TRADERS (BARDOLI ROAD), KADODARA",KADODARA,VIPULBHAI,0
907,1845,"CHAMUNDA PANIPURI (HIRALAL), LASKANA",KAMREJ,VIPULBHAI,52000
908,1849,"SHREE JAGDISH CO., MAHMADPURA",BHARUCH,JAYKISHAN,69315
909,1853,"P.MART (UTRAN) (DEBIT), AMBEY VELLEY HIGHTS",AMROLI,VIPULBHAI,16296
910,1855,"DINESH TRADERS, MAHMADPURA",BHARUCH,JAYKISHAN,543710
911,1856,"DHARTI KIRANA (BHAVANI SOC), VARACHHA ROAD",BARODA PRISTAGE,VIPULBHAI,52815
912,1858,"POOJARA TRADING, MAHADEV NAGAR",MAHADEV NAGAR,VIPULBHAI,0
913,1859,"MAHATMA MARKETING (SHYAMDHAM), GAJANAND SOC. ",NANA VARACHHA,VIPULBHAI,39200
914,1862,"KALPESH KANCHANLAL BADAMI, NAVSARI BAZAR",DILHI GATE,NITINBHAI 1,0
915,1863,"SHREE DEV SUPER STORE (MARUTI NAGAR), UDHNA YARD",UDHNA YARD,NITINBHAI 2,38415
916,1869,"GANDHI TRADERS, NARMADA MARKET",BHARUCH,JAYKISHAN,0
917,1870,"ROSHAN KIRANA (KALUBHAI), ROAD NO.6   (Unclear Cheque :      36010)",UDHNA MAIN ROAD,NITINBHAI 2,161055
918,1871,"TOUCHSTONE FOUNDATION  (SILVASA), PARBAT PATIYA",PARBAT PATIYA,NITINBHAI 2,1110710
919,1872,"MAHASHAKTI TRADING COMPANY, ZAPA BAZAR",DILHI GATE,NITINBHAI 1,30775
920,1875,"RADHE TRADERS, ISHWAR KRUPA",KUBER NAGAR,VIPULBHAI,0
921,1876,"KUBERJI TRADING, GODADARA",GODADARA 1,NITINBHAI 2,252930
922,1879,"NARESHKUMAR MADANLAL, KIM",KIM,DHIRENBHAI,0
923,1884,"KANCHAN SALES, BHARUCH",BHARUCH,JAYKISHAN,29790
924,1886,"S.L SONS (KHARVASA), KRUSHNAKUNJ SOC. GODADARA   (Unclear Cheque :      98786)",NAVAGAM,NITINBHAI 2,231348
925,1888,"MARUTI STORE, UTRAN",AMROLI,VIPULBHAI,3520
926,1889,"RAMESHCHAND CHAGANLAL & BROTHERS, RAJKOT",SAVAR KUNDALA,DHIRENBHAI,0
927,1890,"AMRUT TRADING, VADODARA",,PRATIK BHAI,-696266
928,1892,"PUNIT BHAI, BHARUCH",BHARUCH,JAYKISHAN,0
929,1895,"MAN MANDIR TRADERS, PARBAT PATIYA",PARBAT PATIYA,NITINBHAI 2,192173
930,1903,"DEV NARAYAN KIRANA (BATUKBHAI), CHALTHAN",CHALTHAN,VIPULBHAI,28573
931,1905,"BHERUNATH TRADERS (AASPAS), MAN SAROVER GATE",GODADARA 2,NITINBHAI 2,72780
932,1910,"MAHALAXMI TRADERS (LIMBAR), BARDOLI",BARDOLI,DHIRENBHAI,20690
933,1912,"JALARAM TRADERS (VED ROAD), KATAR GAM",KATAR GAM 1,NITINBHAI 1,11440
934,1914,"UMIYA SUPER STORE, LAXMIBA COMPLEX",KAMREJ,VIPULBHAI,28930
935,1916,"JALARAM MASALA (ASHOK BHAI), STATION ROAD CIVIL HOSPITAL",SACHIN,VIPULBHAI,1731288
936,1917,"BHAGAVAN KARIYANA STORE  (SATYABHAI), DIAMOND NAGAR ",KAMREJ,VIPULBHAI,17667
937,1920,"BHERUNATH KIRANA, KUBER NAGAR",KATAR GAM 2,NITINBHAI 1,0
938,1921,"MAHAVEER TRADERS (SAHARA DARWAJA), MITHI KHADI",MITHI KHADI,NITINBHAI 2,403
939,1924,"JALARAM MASALA (LUNCHI KUI), NAVASARI",SACHIN,VIPULBHAI,185004
940,1925,"ITALIYA TRADING, NANA VARACHHA ",NANA VARACHHA,VIPULBHAI,0
941,1926,"MISS PANIPURI  (SIMADA), BRTS ROAD",NANA VARACHHA,VIPULBHAI,27620
942,1928,"GURUKRUPA DABELI (BAPU), BUT BHAVANI",BUT-BHAVANI SOC,VIPULBHAI,47210
943,1929,"RAVANI TRADERS, KAMREJ   (Unclear Cheque :      56060)",KAMREJ,VIPULBHAI,323425
944,1930,"TULSI KIRANA (GAUTAM BHAI)(AMBIKA NAGAR), KATAR GAM",KATAR GAM 1,NITINBHAI 1,6170
945,1935,"VIVEK KARIYA, BUT BHAVANI ",BUT-BHAVANI SOC,VIPULBHAI,608691
946,1936,"MAHAKALI GRUH UDHYOG, DHOLA PIPLA",NAVASARI,DHIRENBHAI,200
947,1937,"PRIME STORE, L.H ROAD",L.H.ROAD,VIPULBHAI,169517
948,1938,"SHREE SAI TRADING (MERILAL), ZAPA BAZAR",DILHI GATE,NITINBHAI 1,31475
949,1940,"UDAYNATH TRADING CO., SANIYA",PUNA GAM,VIPULBHAI,500
950,1941,"VENU BESAN INDUSTRIS, RAJKOT",SAVAR KUNDALA,DHIRENBHAI,0
951,1943,"MAGANMAL KALLUMAL, NAVASARI",NAVASARI,DHIRENBHAI,0
952,1945,"NATHWANI ENTERPRISE, RAJKOT",SAVAR KUNDALA,DHIRENBHAI,0
953,1947,"BALAJI KIRANA, JALARAM SOC",PARBAT PATIYA,NITINBHAI 2,0
954,1948,"BANAS PROVISIN (DAHEJ), DAHEJ",DAHEJ,JAYKISHAN,129345
955,1949,"PRABHAT GENERAL (BHAYANI), CHIKUVADI",NANA VARACHHA,VIPULBHAI,347463
956,1950,"HARIOM BAKERY, SANTOSHI NAGAR",SANTOSHI NAGAR D,VIPULBHAI,24000
957,1951,"JALARAM MASALA (JITUBHAI), AMROLI",AMROLI,VIPULBHAI,245043
958,1952,"J.K INDUSTRIES, SACHIN",SACHIN,KANBHAI,12224
959,1953,"NIMU KIRANA (SHIV NAGAR), KATAR GAM",KATAR GAM 1,NITINBHAI 1,0
960,1954,"GURUKRUPA TRADERS (VED ROAD),  MINA NAGAR ,KATRA GAM",KATAR GAM 1,NITINBHAI 1,7605
961,1955,"SADRUDIN CHANAWALA, ANKLESHWAR",ANKLESHWAR,JAYKISHAN,0
962,1956,"KHUSHI MASALA, AMROLI",AMROLI,VIPULBHAI,0
963,1957,"TEJAL CHHOLE BHATURE, MAHADEV NAGAR",MAHADEV NAGAR,VIPULBHAI,17310
964,1958,"AKSHAYPATRA FOUNDATION, BHUJ",VYARA,KANBHAI,151470
965,1959,"ANNAPURNA TOBACO, SAI BABA MILL NI SAME (JOLWA)   (Unclear Cheque :      30000)",BARDOLI,DHIRENBHAI,94145
966,1960,"SHIVSHAKTI NAMKEEN (DARBAR HOTEL), SHREEJI INDUSTRIES MOTA BORSARA",KIM,DHIRENBHAI,41500
967,1967,"BHERUNATH MASALA, KADODARA   (Unclear Cheque :     112405)",KADODARA,VIPULBHAI,90212
968,1968,"SAGAR TRADERS, GODADARA",GODADARA 1,NITINBHAI 2,0
969,1969,"SATYAM NAMKEEN, RANG AVDHUT ",KUBER NAGAR,VIPULBHAI,6150
970,1970,"SHYAM SALES (JAKATNAKA), PALANPUR PATIYA   (Unclear Cheque :     161890)",PALANPUR PATIYA,NITINBHAI 1,-46340
971,1971,"LAXMI STORES, ANKLESHWAR   (Unclear Cheque :      25550)",ANKLESHWAR,JAYKISHAN,187065
972,1972,"LAXMI FLOUR MILL, AMROLI",AMROLI,VIPULBHAI,0
973,1973,"POOJA TRADERS (AMBATALAVDI), KATAR GAM",KATAR GAM 1,NITINBHAI 1,48170
974,1974,"GHANSHYAM FLOUR MILL, MOTAVARACHCHA",MOTAVARACHCHA,VIPULBHAI,0
975,1975,"SHREE DEV TRADING, PANDESARA",PANDESARA,NITINBHAI 2,0
976,1976,"NAKODA TRADERS (NILGIRI), MAHADEV NAGAR",GODADARA 2,NITINBHAI 2,158740
977,1978,"DEVILAL SAMOSAWALA, AMBIKA NAGAR",TRIKAM NAGAR,VIPULBHAI,43250
978,1980,"RATIONAL HANDLOOM (SARTHANA NAKA), JAKAT NAKA",NANA VARACHHA,VIPULBHAI,0
979,1982,"RAJESHWAR SUPER STORE (AMBATALAVADI), KATAR GAM",KATAR GAM 1,NITINBHAI 1,0
980,1983,"DHANLAXMI TRADERS, PARBAT GAM   (Unclear Cheque :      17925)",GODADARA 2,NITINBHAI 2,0
981,1984,"DINESH TRADERS, VARSHA 1",VARSHA 1,VIPULBHAI,14960
982,1985,"SHIVAM SALES AGENCY (DAYA RAM), UDHNA YARD",UDHNA YARD NAHER,NITINBHAI 2,320565
983,1986,"GANESH TRADERS (TADKESHWAR) (DEBIT), KIM",KIM,DHIRENBHAI,43237
984,1987,"R.P MART, CITILIGHT",BHATAR ROAD,NITINBHAI 1,0
985,1988,"MEHTA TRADERS, OLPAD ",KAVAS,NITINBHAI 2,0
986,1989,"MAHAVEER SUPER MARKET, VYARA",VYARA,DHIRENBHAI,865930
987,1990,"MIHIR KIRANA, VYARA",VYARA,DHIRENBHAI,188050
988,1991,"ASHISH TRADERS, UDHNA GAM",UDHNA MAIN ROAD,NITINBHAI 2,0
989,1992,"BHAGAVATI TRADERS, PANDESARA",PANDESARA,NITINBHAI 2,0
990,1993,"GANESH TRADERS, UDHNA YARD",UDHNA YARD,NITINBHAI 2,0
991,1994,"SARDAR BHAGATSINGH TRADERS, UDHNA YARD",UDHNA YARD,NITINBHAI 2,0
992,1995,"JAY SHREE GANESH TRADERS, GODADARA",GODADARA 2,NITINBHAI 2,0
993,1996,"MA PARVATI INDUSTRIES, KIM",KIM,DHIRENBHAI,15185
994,1997,"SARASWATI TRADERS, VALASAD",VALASAD,DHIRENBHAI,0
995,1998,"KANAIYA TRADERS (DEBIT), VALIYA CHOKDI",ANKLESHWAR,JAYKISHAN,545530
996,1999,"PARIVAR SUPER MARKET, CHIKHLI",VALASAD,DHIRENBHAI,150809
997,2000,"MAHAVEER TARDERS, NANDURBAR",KIM,DHIRENBHAI,0
998,2002,"SURAT MANAVSEVA SANGH, PARBAT PATIYA",PARBAT PATIYA,NITINBHAI 2,0
999,2004,"ARCELORMITTAL NIPPON STEEL INDIA LIMITED, HAJIRA",SACHIN,VIPULBHAI,0
1000,2005,"MAHAVEER TRADERS  (MADHI), BARDOLI",BARDOLI,DHIRENBHAI,47875
1001,2007,"AARAV TRADERS, SAIYADPURA",KATAR GAM 2,NITINBHAI 1,148060
1002,2008,"JAYESH TRADERS (KAMLESHBHAI SHAH), SIMNI",VALASAD,DHIRENBHAI,0
1003,2009,"DEV NARAYAN SUPER STORE (GERILAL), ( KHODIYAR NAGAR )RAGHUNANDAN SOC.",GODADARA 2,NITINBHAI 2,0
1004,2010,"VIGHNHAR TRADING, NARAYAN CHAMBERS",NAVASARI,DHIRENBHAI,0
1005,2011,"SHREE BHAGYALAXMI TRADERS, SHAKTI CHOWK",BHARUCH,JAYKISHAN,71981
1006,2012,"MOMAI TRADING, GITANJALI",L.H.ROAD,VIPULBHAI,0
1007,2013,"ANAND SALES, PANDESARA",PANDESARA,NITINBHAI 2,3300
1008,2014,"R.D NAMKEEN, BHAGAL",BHAGAL,NITINBHAI 1,88877
1009,2015,"RAJ WAFFERS, OLPAD",KAVAS,NITINBHAI 2,0
1010,2016,"JALARAM SEVA SAMAJ TRUST, LASKANA",KAMREJ,VIPULBHAI,23150
1011,2017,"FORTUNE ENTERPRICE, MATAVADI",MATAVADI,VIPULBHAI,234363
1012,2018,"SANDIP TRADERS, NAVSARI BAZAR ",DILHI GATE,NITINBHAI 1,0
1013,2019,"GURUKRUPA TRADING, GOYA BAZAR",ANKLESHWAR,JAYKISHAN,75165
1014,2020,"BABULAL RAICHAND SHAH, VYARA",VYARA,DHIRENBHAI,145100
1015,2021,"DHANLAXMI KIRANA, SARGAM PAN   (Unclear Cheque :      12365)",UDHNA YARD,NITINBHAI 2,0
1016,2022,"G.N FOOD, PIPODARA ",KIM,DHIRENBHAI,-103700
1017,2023,"SOHANLAL FULCHAND, ANKLESHWAR",ANKLESHWAR,JAYKISHAN,0
1018,2024,"RIDHAM TRADERS, PANDESARA",PANDESARA,NITINBHAI 2,93910
1019,2025,"MAHAVEER NAMKEEN PRIVATE LTD., PAL",PALANPUR PATIYA,NITINBHAI 1,34560
1020,2026,"MAHALAXMI TRADING, OLPAD",KAVAS,NITINBHAI 2,102500
1021,2027,"ARIHANT TRADING (ZAVERILAL), UDHNA YARD",UDHNA YARD,NITINBHAI 2,0
1022,2028,"DHANLAXMI NAMKEEN, BARDOLI",BARDOLI,DHIRENBHAI,0
1023,2029,"JAY BHAVANI KIRANA, CHHAPARABHATHA",AMROLI,VIPULBHAI,850
1024,2030,"M.B MASALA, VYARA",VYARA,DHIRENBHAI,623293
1025,2031,"GANESH TRADERS (DEBIT), KAMREJ",KAMREJ,VIPULBHAI,255053
1026,2032,"S.S SUPER STORE, JAHANGEERPURA",PALANPUR PATIYA,NITINBHAI 1,63455
1027,2033,"HASMUKHLAL BALUBHAI, NAVSARI BAJAR",DILHI GATE,NITINBHAI 1,78480
1028,2034,"JALARAM FLOAR MILL, RING ROAD",PARBAT PATIYA,NITINBHAI 2,0
1029,2035,"RAMESHWAR GENERAL STORE, SARTHANA JAKATNAKA",NANA VARACHHA,VIPULBHAI,0
1030,2036,"SHIV FOOD, PIPODARA",KIM,KANBHAI,217900
1031,2037,"MAHAVEER TRADERS (PIRAMIN NAKA), ANKLESHWAR",ANKLESHWAR,JAYKISHAN,85268
1032,2038,"BANSIDHAR TRADERS (MADHI), BARDOLI",BARDOLI,KANBHAI,0
1033,2039,"AMARDEEP MART (UDAY NAGAR), KATAR GAM",KATAR GAM 1,NITINBHAI 1,38978
1034,2040,"K.P GRUH UDHYOG, PIPODARA ",KIM,KANBHAI,126680
1035,2041,"HARIOM TRADING (MADHI), BARDOLI",BARDOLI,DHIRENBHAI,0
1036,2042,"G.A FOOD, PALSANA",PALSANA,VIPULBHAI,0
1037,2043,"CHAMUNDA TRADERS, ANKLESHWAR",ANKLESHWAR,JAYKISHAN,88150
1038,2044,"SHREENATHJI PROVISION STORE, NAVASARI",NAVASARI,DHIRENBHAI,16800
1039,2045,"NARMADA KRUPA  ANAJ TEL BHANDAR, SRAVAN CHOKDI",BHARUCH,JAYKISHAN,82550
1040,2046,"SAGAR NAMKEEN, MAHAPRABHU NAGAR",MAHAPRABHU NAGAR,NITINBHAI 2,105475
1041,2047,"WELCOME FARSAN, BHESTAN",BHESTAN,VIPULBHAI,0
1042,2048,"AMBIKA KIRANA, BHARUCH",BHARUCH,JAYKISHAN,44126
1043,2050,"BHERUNATH KIRANA, VYARA",VYARA,KANBHAI,2740
1044,2052,"PRABHAT TRADERS (VALSAD), VALSAD",VYARA,DHIRENBHAI,81850
1045,2054,"SOHANLAL FULCHAND (SONGADH), VYARA",VYARA,DHIRENBHAI,184730
1046,2055,"MARUTI SUPER STORE, MAHAPRABHU NAGAR",MAHAPRABHU NAGAR,NITINBHAI 2,0
1047,2056,"ALKA TRADERS, VALSAD",VYARA,DHIRENBHAI,572395
1048,2057,"BHERUNATH TRADERS, PANDESARA",PANDESARA,NITINBHAI 2,0
1049,2058,"FARID SADRUDDIN & SONS, PALGHAR , MAHARSHTRA",BOMBAY,KANBHAI,0
1050,2059,"LAKDAVALA & SONS, GOLVAD, MAHAMADPURA",BHARUCH,JAYKISHAN,129500
1051,2060,"GOPAL ENTERPRICE, NAVASARI",NAVASARI,DHIRENBHAI,0
1052,2061,"ATUL TRADERS (PIRAMIN NAKA), ANKLESHWAR",ANKLESHWAR,JAYKISHAN,0
1053,2062,"SAGAR NAMKEEN, GODADARA",GODADARA 2,NITINBHAI 2,-200
1054,2063,"BHERAV SALES (MADHI), BARDOLI",BARDOLI,KANBHAI,0
1055,2064,"MAHAVEER SUPER MARKET (DEBIT), VYARA",VYARA,DHIRENBHAI,0
1056,2065,"MISA TRADERS, DHARAM NAGAR ",A.K.ROAD V,VIPULBHAI,43375
1057,2066,"DHANANI STORES, AHAVA",VYARA,KANBHAI,173580
1058,2067,"A-ONE SUPER STORES, UIN PATIYA",UIN PATIYA,VIPULBHAI,156619
1059,2068,"NAVSHAKTI FLOUR MILL, OLPAD",KAVAS,NITINBHAI 2,0
1060,2069,"NAVDURGA TRADERS (DAHEJ), DAHEJ",DAHEJ,JAYKISHAN,0
1061,2070,"R.K MASALA, BHAGAL",BHAGAL,NITINBHAI 1,141270
1062,2071,"SUMERMAL SHANTILAL (HARIPURA), HARIPURA",BHAGAL,NITINBHAI 1,49050
1063,2072,"NAVJIVAN TRADERS (SANDIPBHAI), BHAGAL",BHAGAL,NITINBHAI 1,0
1064,2073,"AMIT GENERAL STORE (VINU BHAI) (DEBIT), MOHAN BAG",MOHAN BAG,VIPULBHAI,66205
1065,2074,"HARIOM KIRANA (GANGOTRI NAGAR- 34), PANDESARA",PANDESARA,NITINBHAI 2,28635
1066,2075,"DILIPKUMAR SANKARLAL, KADOD, BARDOLI",BARDOLI,DHIRENBHAI,29675
1067,2077,"JAY DEVNARAYAN SUPER STORE (BOB), UDHNA YARD",UDHNA YARD,NITINBHAI 2,86244
1068,2078,"GEETA HOSPITALITY, VESU",BHATAR ROAD,NITINBHAI 1,0
1069,2079,"N.SHAILESH BHAI, MATAVADI",MATAVADI,VIPULBHAI,713137
1070,2080,"BHARAT MASALA, CHALTHAN",CHALTHAN,VIPULBHAI,0
1071,2081,"PAYONEAR HOSITALITY SERVICE, DAHEJ",DAHEJ,JAYKISHAN,0
1072,2082,"ARYAVEER TRADERS, BHAGAL",BHAGAL,NITINBHAI 1,45945
1073,2083,"JAIN AGENCY, GODADARA",GODADARA 2,NITINBHAI 2,0
1074,2084,"RITESH TRADING (MADHI), MARKET YARD",BARDOLI,DHIRENBHAI,80800
1075,2085,"DHANLAXMI SUPER STORE (DIPAK BHAI), KIM CHOKDI",KIM,DHIRENBHAI,175096
1076,2086,"JAL BHOOMI NAMKEEN, OLPAD",KAVAS,NITINBHAI 2,-30000
1077,2087,"ZULFIKAR SADRUDIN (SANJAN), SANJAN",VALASAD,KANBHAI,277950
1078,2089,"JAGDISH TRADING, YOGI CHOWK   (Unclear Cheque :      24120)",NANA VARACHHA,VIPULBHAI,0
1079,2090,"DAYARAM TRADERS, ZAPA BAZAR",DILHI GATE,NITINBHAI 1,-107650
1080,2091,"VEDANT GROSARI & DRYFRUITS STORE, PAL,ADAJAN   (Unclear Cheque :      38838)",PALANPUR PATIYA,NITINBHAI 1,94850
1081,2092,"SHREE LAXMI TRADING (DINDOLI), NAVAGAM   (Unclear Cheque :     102350)",NAVAGAM,NITINBHAI 2,0
1082,2093,"MAHAVEER SUPER (VED ROAD), PANDOL",KATAR GAM 1,NITINBHAI 1,55564
1083,2094,"CHAMUNDA FLOUR MILL (ANILBHAI), SAHARA DARVAJA",PARBAT PATIYA,NITINBHAI 2,0
1084,2095,"JAYANT TRADING COMPANY (MADHI), BARDOLI",BARDOLI,KANBHAI,-88980
1085,2096,"ROSHANI SALES AGENCY (MAHESH YARD), UDHNA YARD",UDHNA YARD,NITINBHAI 2,139017
1086,2097,"NOVELTY TRADERS, VYARA",VYARA,DHIRENBHAI,23500
1087,2098,"JAIN TRADING, VYARA   (Unclear Cheque :     115650)",VYARA,DHIRENBHAI,0
1088,2099,"ASHVINKUMAR PRAFULCHANDRA & CO., MOHMADPURA (GOLVAD)",BHARUCH,JAYKISHAN,27500
1089,2100,"RAMESH KIRANA, PANDESARA",PANDESARA,NITINBHAI 2,-7350
,,,,,
(1089 rows affected),,,,,
